[2026-08-12 17:44:26] local.ERROR: Uncaught InvalidArgumentException: Please provide a valid cache path. in C:\Users\Izaid\Downloads\fincontrol-backend\vendor\laravel\framework\src\Illuminate\View\Compilers\Compiler.php:75
Stack trace:
#0 C:\Users\Izaid\Downloads\fincontrol-backend\vendor\laravel\framework\src\Illuminate\View\ViewServiceProvider.php(97): Illuminate\View\Compilers\Compiler->__construct(Object(Illuminate\Filesystem\Filesystem), false, '', true, 'php', true)
#1 C:\Users\Izaid\Downloads\fincontrol-backend\vendor\laravel\framework\src\Illuminate\Container\Container.php(1115): Illuminate\View\ViewServiceProvider->Illuminate\View\{closure}(Object(Illuminate\Foundation\Application), Array)
#2 C:\Users\Izaid\Downloads\fincontrol-backend\vendor\laravel\framework\src\Illuminate\Container\Container.php(933): Illuminate\Container\Container->build(Object(Closure))
#3 C:\Users\Izaid\Downloads\fincontrol-backend\vendor\laravel\framework\src\Illuminate\Foundation\Application.php(1078): Illuminate\Container\Container->resolve('blade.compiler', Array, true)
#4 C:\Users\Izaid\Downloads\fincontrol-backend\vendor\laravel\framework\src\Illuminate\Container\Container.php(864): Illuminate\Foundation\Application->resolve('blade.compiler', Array)
#5 C:\Users\Izaid\Downloads\fincontrol-backend\vendor\laravel\framework\src\Illuminate\Foundation\Application.php(1058): Illuminate\Container\Container->make('blade.compiler', Array)
#6 C:\Users\Izaid\Downloads\fincontrol-backend\vendor\laravel\framework\src\Illuminate\Foundation\helpers.php(138): Illuminate\Foundation\Application->make('blade.compiler', Array)
#7 Command line code(1): app('Illuminate\\View...')
#8 {main}
  thrown {"exception":"[object] (Symfony\\Component\\ErrorHandler\\Error\\FatalError(code: 0): Uncaught InvalidArgumentException: Please provide a valid cache path. in C:\\Users\\Izaid\\Downloads\\fincontrol-backend\\vendor\\laravel\\framework\\src\\Illuminate\\View\\Compilers\\Compiler.php:75
Stack trace:
#0 C:\\Users\\Izaid\\Downloads\\fincontrol-backend\\vendor\\laravel\\framework\\src\\Illuminate\\View\\ViewServiceProvider.php(97): Illuminate\\View\\Compilers\\Compiler->__construct(Object(Illuminate\\Filesystem\\Filesystem), false, '', true, 'php', true)
#1 C:\\Users\\Izaid\\Downloads\\fincontrol-backend\\vendor\\laravel\\framework\\src\\Illuminate\\Container\\Container.php(1115): Illuminate\\View\\ViewServiceProvider->Illuminate\\View\\{closure}(Object(Illuminate\\Foundation\\Application), Array)
#2 C:\\Users\\Izaid\\Downloads\\fincontrol-backend\\vendor\\laravel\\framework\\src\\Illuminate\\Container\\Container.php(933): Illuminate\\Container\\Container->build(Object(Closure))
#3 C:\\Users\\Izaid\\Downloads\\fincontrol-backend\\vendor\\laravel\\framework\\src\\Illuminate\\Foundation\\Application.php(1078): Illuminate\\Container\\Container->resolve('blade.compiler', Array, true)
#4 C:\\Users\\Izaid\\Downloads\\fincontrol-backend\\vendor\\laravel\\framework\\src\\Illuminate\\Container\\Container.php(864): Illuminate\\Foundation\\Application->resolve('blade.compiler', Array)
#5 C:\\Users\\Izaid\\Downloads\\fincontrol-backend\\vendor\\laravel\\framework\\src\\Illuminate\\Foundation\\Application.php(1058): Illuminate\\Container\\Container->make('blade.compiler', Array)
#6 C:\\Users\\Izaid\\Downloads\\fincontrol-backend\\vendor\\laravel\\framework\\src\\Illuminate\\Foundation\\helpers.php(138): Illuminate\\Foundation\\Application->make('blade.compiler', Array)
#7 Command line code(1): app('Illuminate\\\\View...')
#8 {main}
  thrown at C:/Users/Izaid/Downloads/fincontrol-backend/vendor/laravel/framework/src/Illuminate/View/Compilers/Compiler.php:75)
[stacktrace]
#0 {main}
"} 
[2026-08-12 17:54:27] local.ERROR: Uncaught InvalidArgumentException: Please provide a valid cache path. in C:\Users\Izaid\Downloads\fincontrol-backend\vendor\laravel\framework\src\Illuminate\View\Compilers\Compiler.php:75
Stack trace:
#0 C:\Users\Izaid\Downloads\fincontrol-backend\vendor\laravel\framework\src\Illuminate\View\ViewServiceProvider.php(97): Illuminate\View\Compilers\Compiler->__construct(Object(Illuminate\Filesystem\Filesystem), false, '', true, 'php', true)
#1 C:\Users\Izaid\Downloads\fincontrol-backend\vendor\laravel\framework\src\Illuminate\Container\Container.php(1115): Illuminate\View\ViewServiceProvider->Illuminate\View\{closure}(Object(Illuminate\Foundation\Application), Array)
#2 C:\Users\Izaid\Downloads\fincontrol-backend\vendor\laravel\framework\src\Illuminate\Container\Container.php(933): Illuminate\Container\Container->build(Object(Closure))
#3 C:\Users\Izaid\Downloads\fincontrol-backend\vendor\laravel\framework\src\Illuminate\Foundation\Application.php(1078): Illuminate\Container\Container->resolve('blade.compiler', Array, true)
#4 C:\Users\Izaid\Downloads\fincontrol-backend\vendor\laravel\framework\src\Illuminate\Container\Container.php(864): Illuminate\Foundation\Application->resolve('blade.compiler', Array)
#5 C:\Users\Izaid\Downloads\fincontrol-backend\vendor\laravel\framework\src\Illuminate\Foundation\Application.php(1058): Illuminate\Container\Container->make('blade.compiler', Array)
#6 C:\Users\Izaid\Downloads\fincontrol-backend\vendor\laravel\framework\src\Illuminate\Foundation\helpers.php(138): Illuminate\Foundation\Application->make('blade.compiler', Array)
#7 Command line code(1): app('Illuminate\\View...')
#8 {main}
  thrown {"exception":"[object] (Symfony\\Component\\ErrorHandler\\Error\\FatalError(code: 0): Uncaught InvalidArgumentException: Please provide a valid cache path. in C:\\Users\\Izaid\\Downloads\\fincontrol-backend\\vendor\\laravel\\framework\\src\\Illuminate\\View\\Compilers\\Compiler.php:75
Stack trace:
#0 C:\\Users\\Izaid\\Downloads\\fincontrol-backend\\vendor\\laravel\\framework\\src\\Illuminate\\View\\ViewServiceProvider.php(97): Illuminate\\View\\Compilers\\Compiler->__construct(Object(Illuminate\\Filesystem\\Filesystem), false, '', true, 'php', true)
#1 C:\\Users\\Izaid\\Downloads\\fincontrol-backend\\vendor\\laravel\\framework\\src\\Illuminate\\Container\\Container.php(1115): Illuminate\\View\\ViewServiceProvider->Illuminate\\View\\{closure}(Object(Illuminate\\Foundation\\Application), Array)
#2 C:\\Users\\Izaid\\Downloads\\fincontrol-backend\\vendor\\laravel\\framework\\src\\Illuminate\\Container\\Container.php(933): Illuminate\\Container\\Container->build(Object(Closure))
#3 C:\\Users\\Izaid\\Downloads\\fincontrol-backend\\vendor\\laravel\\framework\\src\\Illuminate\\Foundation\\Application.php(1078): Illuminate\\Container\\Container->resolve('blade.compiler', Array, true)
#4 C:\\Users\\Izaid\\Downloads\\fincontrol-backend\\vendor\\laravel\\framework\\src\\Illuminate\\Container\\Container.php(864): Illuminate\\Foundation\\Application->resolve('blade.compiler', Array)
#5 C:\\Users\\Izaid\\Downloads\\fincontrol-backend\\vendor\\laravel\\framework\\src\\Illuminate\\Foundation\\Application.php(1058): Illuminate\\Container\\Container->make('blade.compiler', Array)
#6 C:\\Users\\Izaid\\Downloads\\fincontrol-backend\\vendor\\laravel\\framework\\src\\Illuminate\\Foundation\\helpers.php(138): Illuminate\\Foundation\\Application->make('blade.compiler', Array)
#7 Command line code(1): app('Illuminate\\\\View...')
#8 {main}
  thrown at C:/Users/Izaid/Downloads/fincontrol-backend/vendor/laravel/framework/src/Illuminate/View/Compilers/Compiler.php:75)
[stacktrace]
#0 {main}
"} 
[2026-08-12 18:04:26] local.ERROR: Uncaught InvalidArgumentException: Please provide a valid cache path. in C:\Users\Izaid\Downloads\fincontrol-backend\vendor\laravel\framework\src\Illuminate\View\Compilers\Compiler.php:75
Stack trace:
#0 C:\Users\Izaid\Downloads\fincontrol-backend\vendor\laravel\framework\src\Illuminate\View\ViewServiceProvider.php(97): Illuminate\View\Compilers\Compiler->__construct(Object(Illuminate\Filesystem\Filesystem), false, '', true, 'php', true)
#1 C:\Users\Izaid\Downloads\fincontrol-backend\vendor\laravel\framework\src\Illuminate\Container\Container.php(1115): Illuminate\View\ViewServiceProvider->Illuminate\View\{closure}(Object(Illuminate\Foundation\Application), Array)
#2 C:\Users\Izaid\Downloads\fincontrol-backend\vendor\laravel\framework\src\Illuminate\Container\Container.php(933): Illuminate\Container\Container->build(Object(Closure))
#3 C:\Users\Izaid\Downloads\fincontrol-backend\vendor\laravel\framework\src\Illuminate\Foundation\Application.php(1078): Illuminate\Container\Container->resolve('blade.compiler', Array, true)
#4 C:\Users\Izaid\Downloads\fincontrol-backend\vendor\laravel\framework\src\Illuminate\Container\Container.php(864): Illuminate\Foundation\Application->resolve('blade.compiler', Array)
#5 C:\Users\Izaid\Downloads\fincontrol-backend\vendor\laravel\framework\src\Illuminate\Foundation\Application.php(1058): Illuminate\Container\Container->make('blade.compiler', Array)
#6 C:\Users\Izaid\Downloads\fincontrol-backend\vendor\laravel\framework\src\Illuminate\Foundation\helpers.php(138): Illuminate\Foundation\Application->make('blade.compiler', Array)
#7 Command line code(1): app('Illuminate\\View...')
#8 {main}
  thrown {"exception":"[object] (Symfony\\Component\\ErrorHandler\\Error\\FatalError(code: 0): Uncaught InvalidArgumentException: Please provide a valid cache path. in C:\\Users\\Izaid\\Downloads\\fincontrol-backend\\vendor\\laravel\\framework\\src\\Illuminate\\View\\Compilers\\Compiler.php:75
Stack trace:
#0 C:\\Users\\Izaid\\Downloads\\fincontrol-backend\\vendor\\laravel\\framework\\src\\Illuminate\\View\\ViewServiceProvider.php(97): Illuminate\\View\\Compilers\\Compiler->__construct(Object(Illuminate\\Filesystem\\Filesystem), false, '', true, 'php', true)
#1 C:\\Users\\Izaid\\Downloads\\fincontrol-backend\\vendor\\laravel\\framework\\src\\Illuminate\\Container\\Container.php(1115): Illuminate\\View\\ViewServiceProvider->Illuminate\\View\\{closure}(Object(Illuminate\\Foundation\\Application), Array)
#2 C:\\Users\\Izaid\\Downloads\\fincontrol-backend\\vendor\\laravel\\framework\\src\\Illuminate\\Container\\Container.php(933): Illuminate\\Container\\Container->build(Object(Closure))
#3 C:\\Users\\Izaid\\Downloads\\fincontrol-backend\\vendor\\laravel\\framework\\src\\Illuminate\\Foundation\\Application.php(1078): Illuminate\\Container\\Container->resolve('blade.compiler', Array, true)
#4 C:\\Users\\Izaid\\Downloads\\fincontrol-backend\\vendor\\laravel\\framework\\src\\Illuminate\\Container\\Container.php(864): Illuminate\\Foundation\\Application->resolve('blade.compiler', Array)
#5 C:\\Users\\Izaid\\Downloads\\fincontrol-backend\\vendor\\laravel\\framework\\src\\Illuminate\\Foundation\\Application.php(1058): Illuminate\\Container\\Container->make('blade.compiler', Array)
#6 C:\\Users\\Izaid\\Downloads\\fincontrol-backend\\vendor\\laravel\\framework\\src\\Illuminate\\Foundation\\helpers.php(138): Illuminate\\Foundation\\Application->make('blade.compiler', Array)
#7 Command line code(1): app('Illuminate\\\\View...')
#8 {main}
  thrown at C:/Users/Izaid/Downloads/fincontrol-backend/vendor/laravel/framework/src/Illuminate/View/Compilers/Compiler.php:75)
[stacktrace]
#0 {main}
"} 
[2026-08-12 18:14:27] local.ERROR: Uncaught InvalidArgumentException: Please provide a valid cache path. in C:\Users\Izaid\Downloads\fincontrol-backend\vendor\laravel\framework\src\Illuminate\View\Compilers\Compiler.php:75
Stack trace:
#0 C:\Users\Izaid\Downloads\fincontrol-backend\vendor\laravel\framework\src\Illuminate\View\ViewServiceProvider.php(97): Illuminate\View\Compilers\Compiler->__construct(Object(Illuminate\Filesystem\Filesystem), false, '', true, 'php', true)
#1 C:\Users\Izaid\Downloads\fincontrol-backend\vendor\laravel\framework\src\Illuminate\Container\Container.php(1115): Illuminate\View\ViewServiceProvider->Illuminate\View\{closure}(Object(Illuminate\Foundation\Application), Array)
#2 C:\Users\Izaid\Downloads\fincontrol-backend\vendor\laravel\framework\src\Illuminate\Container\Container.php(933): Illuminate\Container\Container->build(Object(Closure))
#3 C:\Users\Izaid\Downloads\fincontrol-backend\vendor\laravel\framework\src\Illuminate\Foundation\Application.php(1078): Illuminate\Container\Container->resolve('blade.compiler', Array, true)
#4 C:\Users\Izaid\Downloads\fincontrol-backend\vendor\laravel\framework\src\Illuminate\Container\Container.php(864): Illuminate\Foundation\Application->resolve('blade.compiler', Array)
#5 C:\Users\Izaid\Downloads\fincontrol-backend\vendor\laravel\framework\src\Illuminate\Foundation\Application.php(1058): Illuminate\Container\Container->make('blade.compiler', Array)
#6 C:\Users\Izaid\Downloads\fincontrol-backend\vendor\laravel\framework\src\Illuminate\Foundation\helpers.php(138): Illuminate\Foundation\Application->make('blade.compiler', Array)
#7 Command line code(1): app('Illuminate\\View...')
#8 {main}
  thrown {"exception":"[object] (Symfony\\Component\\ErrorHandler\\Error\\FatalError(code: 0): Uncaught InvalidArgumentException: Please provide a valid cache path. in C:\\Users\\Izaid\\Downloads\\fincontrol-backend\\vendor\\laravel\\framework\\src\\Illuminate\\View\\Compilers\\Compiler.php:75
Stack trace:
#0 C:\\Users\\Izaid\\Downloads\\fincontrol-backend\\vendor\\laravel\\framework\\src\\Illuminate\\View\\ViewServiceProvider.php(97): Illuminate\\View\\Compilers\\Compiler->__construct(Object(Illuminate\\Filesystem\\Filesystem), false, '', true, 'php', true)
#1 C:\\Users\\Izaid\\Downloads\\fincontrol-backend\\vendor\\laravel\\framework\\src\\Illuminate\\Container\\Container.php(1115): Illuminate\\View\\ViewServiceProvider->Illuminate\\View\\{closure}(Object(Illuminate\\Foundation\\Application), Array)
#2 C:\\Users\\Izaid\\Downloads\\fincontrol-backend\\vendor\\laravel\\framework\\src\\Illuminate\\Container\\Container.php(933): Illuminate\\Container\\Container->build(Object(Closure))
#3 C:\\Users\\Izaid\\Downloads\\fincontrol-backend\\vendor\\laravel\\framework\\src\\Illuminate\\Foundation\\Application.php(1078): Illuminate\\Container\\Container->resolve('blade.compiler', Array, true)
#4 C:\\Users\\Izaid\\Downloads\\fincontrol-backend\\vendor\\laravel\\framework\\src\\Illuminate\\Container\\Container.php(864): Illuminate\\Foundation\\Application->resolve('blade.compiler', Array)
#5 C:\\Users\\Izaid\\Downloads\\fincontrol-backend\\vendor\\laravel\\framework\\src\\Illuminate\\Foundation\\Application.php(1058): Illuminate\\Container\\Container->make('blade.compiler', Array)
#6 C:\\Users\\Izaid\\Downloads\\fincontrol-backend\\vendor\\laravel\\framework\\src\\Illuminate\\Foundation\\helpers.php(138): Illuminate\\Foundation\\Application->make('blade.compiler', Array)
#7 Command line code(1): app('Illuminate\\\\View...')
#8 {main}
  thrown at C:/Users/Izaid/Downloads/fincontrol-backend/vendor/laravel/framework/src/Illuminate/View/Compilers/Compiler.php:75)
[stacktrace]
#0 {main}
"} 
[2026-08-12 18:24:28] local.ERROR: Uncaught InvalidArgumentException: Please provide a valid cache path. in C:\Users\Izaid\Downloads\fincontrol-backend\vendor\laravel\framework\src\Illuminate\View\Compilers\Compiler.php:75
Stack trace:
#0 C:\Users\Izaid\Downloads\fincontrol-backend\vendor\laravel\framework\src\Illuminate\View\ViewServiceProvider.php(97): Illuminate\View\Compilers\Compiler->__construct(Object(Illuminate\Filesystem\Filesystem), false, '', true, 'php', true)
#1 C:\Users\Izaid\Downloads\fincontrol-backend\vendor\laravel\framework\src\Illuminate\Container\Container.php(1115): Illuminate\View\ViewServiceProvider->Illuminate\View\{closure}(Object(Illuminate\Foundation\Application), Array)
#2 C:\Users\Izaid\Downloads\fincontrol-backend\vendor\laravel\framework\src\Illuminate\Container\Container.php(933): Illuminate\Container\Container->build(Object(Closure))
#3 C:\Users\Izaid\Downloads\fincontrol-backend\vendor\laravel\framework\src\Illuminate\Foundation\Application.php(1078): Illuminate\Container\Container->resolve('blade.compiler', Array, true)
#4 C:\Users\Izaid\Downloads\fincontrol-backend\vendor\laravel\framework\src\Illuminate\Container\Container.php(864): Illuminate\Foundation\Application->resolve('blade.compiler', Array)
#5 C:\Users\Izaid\Downloads\fincontrol-backend\vendor\laravel\framework\src\Illuminate\Foundation\Application.php(1058): Illuminate\Container\Container->make('blade.compiler', Array)
#6 C:\Users\Izaid\Downloads\fincontrol-backend\vendor\laravel\framework\src\Illuminate\Foundation\helpers.php(138): Illuminate\Foundation\Application->make('blade.compiler', Array)
#7 Command line code(1): app('Illuminate\\View...')
#8 {main}
  thrown {"exception":"[object] (Symfony\\Component\\ErrorHandler\\Error\\FatalError(code: 0): Uncaught InvalidArgumentException: Please provide a valid cache path. in C:\\Users\\Izaid\\Downloads\\fincontrol-backend\\vendor\\laravel\\framework\\src\\Illuminate\\View\\Compilers\\Compiler.php:75
Stack trace:
#0 C:\\Users\\Izaid\\Downloads\\fincontrol-backend\\vendor\\laravel\\framework\\src\\Illuminate\\View\\ViewServiceProvider.php(97): Illuminate\\View\\Compilers\\Compiler->__construct(Object(Illuminate\\Filesystem\\Filesystem), false, '', true, 'php', true)
#1 C:\\Users\\Izaid\\Downloads\\fincontrol-backend\\vendor\\laravel\\framework\\src\\Illuminate\\Container\\Container.php(1115): Illuminate\\View\\ViewServiceProvider->Illuminate\\View\\{closure}(Object(Illuminate\\Foundation\\Application), Array)
#2 C:\\Users\\Izaid\\Downloads\\fincontrol-backend\\vendor\\laravel\\framework\\src\\Illuminate\\Container\\Container.php(933): Illuminate\\Container\\Container->build(Object(Closure))
#3 C:\\Users\\Izaid\\Downloads\\fincontrol-backend\\vendor\\laravel\\framework\\src\\Illuminate\\Foundation\\Application.php(1078): Illuminate\\Container\\Container->resolve('blade.compiler', Array, true)
#4 C:\\Users\\Izaid\\Downloads\\fincontrol-backend\\vendor\\laravel\\framework\\src\\Illuminate\\Container\\Container.php(864): Illuminate\\Foundation\\Application->resolve('blade.compiler', Array)
#5 C:\\Users\\Izaid\\Downloads\\fincontrol-backend\\vendor\\laravel\\framework\\src\\Illuminate\\Foundation\\Application.php(1058): Illuminate\\Container\\Container->make('blade.compiler', Array)
#6 C:\\Users\\Izaid\\Downloads\\fincontrol-backend\\vendor\\laravel\\framework\\src\\Illuminate\\Foundation\\helpers.php(138): Illuminate\\Foundation\\Application->make('blade.compiler', Array)
#7 Command line code(1): app('Illuminate\\\\View...')
#8 {main}
  thrown at C:/Users/Izaid/Downloads/fincontrol-backend/vendor/laravel/framework/src/Illuminate/View/Compilers/Compiler.php:75)
[stacktrace]
#0 {main}
"} 
[2026-08-12 23:52:36] local.ERROR: Uncaught InvalidArgumentException: Please provide a valid cache path. in C:\Users\Izaid\Downloads\fincontrol-backend\vendor\laravel\framework\src\Illuminate\View\Compilers\Compiler.php:75
Stack trace:
#0 C:\Users\Izaid\Downloads\fincontrol-backend\vendor\laravel\framework\src\Illuminate\View\ViewServiceProvider.php(97): Illuminate\View\Compilers\Compiler->__construct(Object(Illuminate\Filesystem\Filesystem), false, '', true, 'php', true)
#1 C:\Users\Izaid\Downloads\fincontrol-backend\vendor\laravel\framework\src\Illuminate\Container\Container.php(1115): Illuminate\View\ViewServiceProvider->Illuminate\View\{closure}(Object(Illuminate\Foundation\Application), Array)
#2 C:\Users\Izaid\Downloads\fincontrol-backend\vendor\laravel\framework\src\Illuminate\Container\Container.php(933): Illuminate\Container\Container->build(Object(Closure))
#3 C:\Users\Izaid\Downloads\fincontrol-backend\vendor\laravel\framework\src\Illuminate\Foundation\Application.php(1078): Illuminate\Container\Container->resolve('blade.compiler', Array, true)
#4 C:\Users\Izaid\Downloads\fincontrol-backend\vendor\laravel\framework\src\Illuminate\Container\Container.php(864): Illuminate\Foundation\Application->resolve('blade.compiler', Array)
#5 C:\Users\Izaid\Downloads\fincontrol-backend\vendor\laravel\framework\src\Illuminate\Foundation\Application.php(1058): Illuminate\Container\Container->make('blade.compiler', Array)
#6 C:\Users\Izaid\Downloads\fincontrol-backend\vendor\laravel\framework\src\Illuminate\Foundation\helpers.php(138): Illuminate\Foundation\Application->make('blade.compiler', Array)
#7 Command line code(1): app('Illuminate\\View...')
#8 {main}
  thrown {"exception":"[object] (Symfony\\Component\\ErrorHandler\\Error\\FatalError(code: 0): Uncaught InvalidArgumentException: Please provide a valid cache path. in C:\\Users\\Izaid\\Downloads\\fincontrol-backend\\vendor\\laravel\\framework\\src\\Illuminate\\View\\Compilers\\Compiler.php:75
Stack trace:
#0 C:\\Users\\Izaid\\Downloads\\fincontrol-backend\\vendor\\laravel\\framework\\src\\Illuminate\\View\\ViewServiceProvider.php(97): Illuminate\\View\\Compilers\\Compiler->__construct(Object(Illuminate\\Filesystem\\Filesystem), false, '', true, 'php', true)
#1 C:\\Users\\Izaid\\Downloads\\fincontrol-backend\\vendor\\laravel\\framework\\src\\Illuminate\\Container\\Container.php(1115): Illuminate\\View\\ViewServiceProvider->Illuminate\\View\\{closure}(Object(Illuminate\\Foundation\\Application), Array)
#2 C:\\Users\\Izaid\\Downloads\\fincontrol-backend\\vendor\\laravel\\framework\\src\\Illuminate\\Container\\Container.php(933): Illuminate\\Container\\Container->build(Object(Closure))
#3 C:\\Users\\Izaid\\Downloads\\fincontrol-backend\\vendor\\laravel\\framework\\src\\Illuminate\\Foundation\\Application.php(1078): Illuminate\\Container\\Container->resolve('blade.compiler', Array, true)
#4 C:\\Users\\Izaid\\Downloads\\fincontrol-backend\\vendor\\laravel\\framework\\src\\Illuminate\\Container\\Container.php(864): Illuminate\\Foundation\\Application->resolve('blade.compiler', Array)
#5 C:\\Users\\Izaid\\Downloads\\fincontrol-backend\\vendor\\laravel\\framework\\src\\Illuminate\\Foundation\\Application.php(1058): Illuminate\\Container\\Container->make('blade.compiler', Array)
#6 C:\\Users\\Izaid\\Downloads\\fincontrol-backend\\vendor\\laravel\\framework\\src\\Illuminate\\Foundation\\helpers.php(138): Illuminate\\Foundation\\Application->make('blade.compiler', Array)
#7 Command line code(1): app('Illuminate\\\\View...')
#8 {main}
  thrown at C:/Users/Izaid/Downloads/fincontrol-backend/vendor/laravel/framework/src/Illuminate/View/Compilers/Compiler.php:75)
[stacktrace]
#0 {main}
"} 
[2026-08-13 00:02:32] local.ERROR: Uncaught InvalidArgumentException: Please provide a valid cache path. in C:\Users\Izaid\Downloads\fincontrol-backend\vendor\laravel\framework\src\Illuminate\View\Compilers\Compiler.php:75
Stack trace:
#0 C:\Users\Izaid\Downloads\fincontrol-backend\vendor\laravel\framework\src\Illuminate\View\ViewServiceProvider.php(97): Illuminate\View\Compilers\Compiler->__construct(Object(Illuminate\Filesystem\Filesystem), false, '', true, 'php', true)
#1 C:\Users\Izaid\Downloads\fincontrol-backend\vendor\laravel\framework\src\Illuminate\Container\Container.php(1115): Illuminate\View\ViewServiceProvider->Illuminate\View\{closure}(Object(Illuminate\Foundation\Application), Array)
#2 C:\Users\Izaid\Downloads\fincontrol-backend\vendor\laravel\framework\src\Illuminate\Container\Container.php(933): Illuminate\Container\Container->build(Object(Closure))
#3 C:\Users\Izaid\Downloads\fincontrol-backend\vendor\laravel\framework\src\Illuminate\Foundation\Application.php(1078): Illuminate\Container\Container->resolve('blade.compiler', Array, true)
#4 C:\Users\Izaid\Downloads\fincontrol-backend\vendor\laravel\framework\src\Illuminate\Container\Container.php(864): Illuminate\Foundation\Application->resolve('blade.compiler', Array)
#5 C:\Users\Izaid\Downloads\fincontrol-backend\vendor\laravel\framework\src\Illuminate\Foundation\Application.php(1058): Illuminate\Container\Container->make('blade.compiler', Array)
#6 C:\Users\Izaid\Downloads\fincontrol-backend\vendor\laravel\framework\src\Illuminate\Foundation\helpers.php(138): Illuminate\Foundation\Application->make('blade.compiler', Array)
#7 Command line code(1): app('Illuminate\\View...')
#8 {main}
  thrown {"exception":"[object] (Symfony\\Component\\ErrorHandler\\Error\\FatalError(code: 0): Uncaught InvalidArgumentException: Please provide a valid cache path. in C:\\Users\\Izaid\\Downloads\\fincontrol-backend\\vendor\\laravel\\framework\\src\\Illuminate\\View\\Compilers\\Compiler.php:75
Stack trace:
#0 C:\\Users\\Izaid\\Downloads\\fincontrol-backend\\vendor\\laravel\\framework\\src\\Illuminate\\View\\ViewServiceProvider.php(97): Illuminate\\View\\Compilers\\Compiler->__construct(Object(Illuminate\\Filesystem\\Filesystem), false, '', true, 'php', true)
#1 C:\\Users\\Izaid\\Downloads\\fincontrol-backend\\vendor\\laravel\\framework\\src\\Illuminate\\Container\\Container.php(1115): Illuminate\\View\\ViewServiceProvider->Illuminate\\View\\{closure}(Object(Illuminate\\Foundation\\Application), Array)
#2 C:\\Users\\Izaid\\Downloads\\fincontrol-backend\\vendor\\laravel\\framework\\src\\Illuminate\\Container\\Container.php(933): Illuminate\\Container\\Container->build(Object(Closure))
#3 C:\\Users\\Izaid\\Downloads\\fincontrol-backend\\vendor\\laravel\\framework\\src\\Illuminate\\Foundation\\Application.php(1078): Illuminate\\Container\\Container->resolve('blade.compiler', Array, true)
#4 C:\\Users\\Izaid\\Downloads\\fincontrol-backend\\vendor\\laravel\\framework\\src\\Illuminate\\Container\\Container.php(864): Illuminate\\Foundation\\Application->resolve('blade.compiler', Array)
#5 C:\\Users\\Izaid\\Downloads\\fincontrol-backend\\vendor\\laravel\\framework\\src\\Illuminate\\Foundation\\Application.php(1058): Illuminate\\Container\\Container->make('blade.compiler', Array)
#6 C:\\Users\\Izaid\\Downloads\\fincontrol-backend\\vendor\\laravel\\framework\\src\\Illuminate\\Foundation\\helpers.php(138): Illuminate\\Foundation\\Application->make('blade.compiler', Array)
#7 Command line code(1): app('Illuminate\\\\View...')
#8 {main}
  thrown at C:/Users/Izaid/Downloads/fincontrol-backend/vendor/laravel/framework/src/Illuminate/View/Compilers/Compiler.php:75)
[stacktrace]
#0 {main}
"} 
[2026-08-13 00:12:32] local.ERROR: Uncaught InvalidArgumentException: Please provide a valid cache path. in C:\Users\Izaid\Downloads\fincontrol-backend\vendor\laravel\framework\src\Illuminate\View\Compilers\Compiler.php:75
Stack trace:
#0 C:\Users\Izaid\Downloads\fincontrol-backend\vendor\laravel\framework\src\Illuminate\View\ViewServiceProvider.php(97): Illuminate\View\Compilers\Compiler->__construct(Object(Illuminate\Filesystem\Filesystem), false, '', true, 'php', true)
#1 C:\Users\Izaid\Downloads\fincontrol-backend\vendor\laravel\framework\src\Illuminate\Container\Container.php(1115): Illuminate\View\ViewServiceProvider->Illuminate\View\{closure}(Object(Illuminate\Foundation\Application), Array)
#2 C:\Users\Izaid\Downloads\fincontrol-backend\vendor\laravel\framework\src\Illuminate\Container\Container.php(933): Illuminate\Container\Container->build(Object(Closure))
#3 C:\Users\Izaid\Downloads\fincontrol-backend\vendor\laravel\framework\src\Illuminate\Foundation\Application.php(1078): Illuminate\Container\Container->resolve('blade.compiler', Array, true)
#4 C:\Users\Izaid\Downloads\fincontrol-backend\vendor\laravel\framework\src\Illuminate\Container\Container.php(864): Illuminate\Foundation\Application->resolve('blade.compiler', Array)
#5 C:\Users\Izaid\Downloads\fincontrol-backend\vendor\laravel\framework\src\Illuminate\Foundation\Application.php(1058): Illuminate\Container\Container->make('blade.compiler', Array)
#6 C:\Users\Izaid\Downloads\fincontrol-backend\vendor\laravel\framework\src\Illuminate\Foundation\helpers.php(138): Illuminate\Foundation\Application->make('blade.compiler', Array)
#7 Command line code(1): app('Illuminate\\View...')
#8 {main}
  thrown {"exception":"[object] (Symfony\\Component\\ErrorHandler\\Error\\FatalError(code: 0): Uncaught InvalidArgumentException: Please provide a valid cache path. in C:\\Users\\Izaid\\Downloads\\fincontrol-backend\\vendor\\laravel\\framework\\src\\Illuminate\\View\\Compilers\\Compiler.php:75
Stack trace:
#0 C:\\Users\\Izaid\\Downloads\\fincontrol-backend\\vendor\\laravel\\framework\\src\\Illuminate\\View\\ViewServiceProvider.php(97): Illuminate\\View\\Compilers\\Compiler->__construct(Object(Illuminate\\Filesystem\\Filesystem), false, '', true, 'php', true)
#1 C:\\Users\\Izaid\\Downloads\\fincontrol-backend\\vendor\\laravel\\framework\\src\\Illuminate\\Container\\Container.php(1115): Illuminate\\View\\ViewServiceProvider->Illuminate\\View\\{closure}(Object(Illuminate\\Foundation\\Application), Array)
#2 C:\\Users\\Izaid\\Downloads\\fincontrol-backend\\vendor\\laravel\\framework\\src\\Illuminate\\Container\\Container.php(933): Illuminate\\Container\\Container->build(Object(Closure))
#3 C:\\Users\\Izaid\\Downloads\\fincontrol-backend\\vendor\\laravel\\framework\\src\\Illuminate\\Foundation\\Application.php(1078): Illuminate\\Container\\Container->resolve('blade.compiler', Array, true)
#4 C:\\Users\\Izaid\\Downloads\\fincontrol-backend\\vendor\\laravel\\framework\\src\\Illuminate\\Container\\Container.php(864): Illuminate\\Foundation\\Application->resolve('blade.compiler', Array)
#5 C:\\Users\\Izaid\\Downloads\\fincontrol-backend\\vendor\\laravel\\framework\\src\\Illuminate\\Foundation\\Application.php(1058): Illuminate\\Container\\Container->make('blade.compiler', Array)
#6 C:\\Users\\Izaid\\Downloads\\fincontrol-backend\\vendor\\laravel\\framework\\src\\Illuminate\\Foundation\\helpers.php(138): Illuminate\\Foundation\\Application->make('blade.compiler', Array)
#7 Command line code(1): app('Illuminate\\\\View...')
#8 {main}
  thrown at C:/Users/Izaid/Downloads/fincontrol-backend/vendor/laravel/framework/src/Illuminate/View/Compilers/Compiler.php:75)
[stacktrace]
#0 {main}
"} 
[2026-08-13 00:22:33] local.ERROR: Uncaught InvalidArgumentException: Please provide a valid cache path. in C:\Users\Izaid\Downloads\fincontrol-backend\vendor\laravel\framework\src\Illuminate\View\Compilers\Compiler.php:75
Stack trace:
#0 C:\Users\Izaid\Downloads\fincontrol-backend\vendor\laravel\framework\src\Illuminate\View\ViewServiceProvider.php(97): Illuminate\View\Compilers\Compiler->__construct(Object(Illuminate\Filesystem\Filesystem), false, '', true, 'php', true)
#1 C:\Users\Izaid\Downloads\fincontrol-backend\vendor\laravel\framework\src\Illuminate\Container\Container.php(1115): Illuminate\View\ViewServiceProvider->Illuminate\View\{closure}(Object(Illuminate\Foundation\Application), Array)
#2 C:\Users\Izaid\Downloads\fincontrol-backend\vendor\laravel\framework\src\Illuminate\Container\Container.php(933): Illuminate\Container\Container->build(Object(Closure))
#3 C:\Users\Izaid\Downloads\fincontrol-backend\vendor\laravel\framework\src\Illuminate\Foundation\Application.php(1078): Illuminate\Container\Container->resolve('blade.compiler', Array, true)
#4 C:\Users\Izaid\Downloads\fincontrol-backend\vendor\laravel\framework\src\Illuminate\Container\Container.php(864): Illuminate\Foundation\Application->resolve('blade.compiler', Array)
#5 C:\Users\Izaid\Downloads\fincontrol-backend\vendor\laravel\framework\src\Illuminate\Foundation\Application.php(1058): Illuminate\Container\Container->make('blade.compiler', Array)
#6 C:\Users\Izaid\Downloads\fincontrol-backend\vendor\laravel\framework\src\Illuminate\Foundation\helpers.php(138): Illuminate\Foundation\Application->make('blade.compiler', Array)
#7 Command line code(1): app('Illuminate\\View...')
#8 {main}
  thrown {"exception":"[object] (Symfony\\Component\\ErrorHandler\\Error\\FatalError(code: 0): Uncaught InvalidArgumentException: Please provide a valid cache path. in C:\\Users\\Izaid\\Downloads\\fincontrol-backend\\vendor\\laravel\\framework\\src\\Illuminate\\View\\Compilers\\Compiler.php:75
Stack trace:
#0 C:\\Users\\Izaid\\Downloads\\fincontrol-backend\\vendor\\laravel\\framework\\src\\Illuminate\\View\\ViewServiceProvider.php(97): Illuminate\\View\\Compilers\\Compiler->__construct(Object(Illuminate\\Filesystem\\Filesystem), false, '', true, 'php', true)
#1 C:\\Users\\Izaid\\Downloads\\fincontrol-backend\\vendor\\laravel\\framework\\src\\Illuminate\\Container\\Container.php(1115): Illuminate\\View\\ViewServiceProvider->Illuminate\\View\\{closure}(Object(Illuminate\\Foundation\\Application), Array)
#2 C:\\Users\\Izaid\\Downloads\\fincontrol-backend\\vendor\\laravel\\framework\\src\\Illuminate\\Container\\Container.php(933): Illuminate\\Container\\Container->build(Object(Closure))
#3 C:\\Users\\Izaid\\Downloads\\fincontrol-backend\\vendor\\laravel\\framework\\src\\Illuminate\\Foundation\\Application.php(1078): Illuminate\\Container\\Container->resolve('blade.compiler', Array, true)
#4 C:\\Users\\Izaid\\Downloads\\fincontrol-backend\\vendor\\laravel\\framework\\src\\Illuminate\\Container\\Container.php(864): Illuminate\\Foundation\\Application->resolve('blade.compiler', Array)
#5 C:\\Users\\Izaid\\Downloads\\fincontrol-backend\\vendor\\laravel\\framework\\src\\Illuminate\\Foundation\\Application.php(1058): Illuminate\\Container\\Container->make('blade.compiler', Array)
#6 C:\\Users\\Izaid\\Downloads\\fincontrol-backend\\vendor\\laravel\\framework\\src\\Illuminate\\Foundation\\helpers.php(138): Illuminate\\Foundation\\Application->make('blade.compiler', Array)
#7 Command line code(1): app('Illuminate\\\\View...')
#8 {main}
  thrown at C:/Users/Izaid/Downloads/fincontrol-backend/vendor/laravel/framework/src/Illuminate/View/Compilers/Compiler.php:75)
[stacktrace]
#0 {main}
"} 
[2026-08-13 00:32:32] local.ERROR: Uncaught InvalidArgumentException: Please provide a valid cache path. in C:\Users\Izaid\Downloads\fincontrol-backend\vendor\laravel\framework\src\Illuminate\View\Compilers\Compiler.php:75
Stack trace:
#0 C:\Users\Izaid\Downloads\fincontrol-backend\vendor\laravel\framework\src\Illuminate\View\ViewServiceProvider.php(97): Illuminate\View\Compilers\Compiler->__construct(Object(Illuminate\Filesystem\Filesystem), false, '', true, 'php', true)
#1 C:\Users\Izaid\Downloads\fincontrol-backend\vendor\laravel\framework\src\Illuminate\Container\Container.php(1115): Illuminate\View\ViewServiceProvider->Illuminate\View\{closure}(Object(Illuminate\Foundation\Application), Array)
#2 C:\Users\Izaid\Downloads\fincontrol-backend\vendor\laravel\framework\src\Illuminate\Container\Container.php(933): Illuminate\Container\Container->build(Object(Closure))
#3 C:\Users\Izaid\Downloads\fincontrol-backend\vendor\laravel\framework\src\Illuminate\Foundation\Application.php(1078): Illuminate\Container\Container->resolve('blade.compiler', Array, true)
#4 C:\Users\Izaid\Downloads\fincontrol-backend\vendor\laravel\framework\src\Illuminate\Container\Container.php(864): Illuminate\Foundation\Application->resolve('blade.compiler', Array)
#5 C:\Users\Izaid\Downloads\fincontrol-backend\vendor\laravel\framework\src\Illuminate\Foundation\Application.php(1058): Illuminate\Container\Container->make('blade.compiler', Array)
#6 C:\Users\Izaid\Downloads\fincontrol-backend\vendor\laravel\framework\src\Illuminate\Foundation\helpers.php(138): Illuminate\Foundation\Application->make('blade.compiler', Array)
#7 Command line code(1): app('Illuminate\\View...')
#8 {main}
  thrown {"exception":"[object] (Symfony\\Component\\ErrorHandler\\Error\\FatalError(code: 0): Uncaught InvalidArgumentException: Please provide a valid cache path. in C:\\Users\\Izaid\\Downloads\\fincontrol-backend\\vendor\\laravel\\framework\\src\\Illuminate\\View\\Compilers\\Compiler.php:75
Stack trace:
#0 C:\\Users\\Izaid\\Downloads\\fincontrol-backend\\vendor\\laravel\\framework\\src\\Illuminate\\View\\ViewServiceProvider.php(97): Illuminate\\View\\Compilers\\Compiler->__construct(Object(Illuminate\\Filesystem\\Filesystem), false, '', true, 'php', true)
#1 C:\\Users\\Izaid\\Downloads\\fincontrol-backend\\vendor\\laravel\\framework\\src\\Illuminate\\Container\\Container.php(1115): Illuminate\\View\\ViewServiceProvider->Illuminate\\View\\{closure}(Object(Illuminate\\Foundation\\Application), Array)
#2 C:\\Users\\Izaid\\Downloads\\fincontrol-backend\\vendor\\laravel\\framework\\src\\Illuminate\\Container\\Container.php(933): Illuminate\\Container\\Container->build(Object(Closure))
#3 C:\\Users\\Izaid\\Downloads\\fincontrol-backend\\vendor\\laravel\\framework\\src\\Illuminate\\Foundation\\Application.php(1078): Illuminate\\Container\\Container->resolve('blade.compiler', Array, true)
#4 C:\\Users\\Izaid\\Downloads\\fincontrol-backend\\vendor\\laravel\\framework\\src\\Illuminate\\Container\\Container.php(864): Illuminate\\Foundation\\Application->resolve('blade.compiler', Array)
#5 C:\\Users\\Izaid\\Downloads\\fincontrol-backend\\vendor\\laravel\\framework\\src\\Illuminate\\Foundation\\Application.php(1058): Illuminate\\Container\\Container->make('blade.compiler', Array)
#6 C:\\Users\\Izaid\\Downloads\\fincontrol-backend\\vendor\\laravel\\framework\\src\\Illuminate\\Foundation\\helpers.php(138): Illuminate\\Foundation\\Application->make('blade.compiler', Array)
#7 Command line code(1): app('Illuminate\\\\View...')
#8 {main}
  thrown at C:/Users/Izaid/Downloads/fincontrol-backend/vendor/laravel/framework/src/Illuminate/View/Compilers/Compiler.php:75)
[stacktrace]
#0 {main}
"} 
[2026-08-13 00:42:32] local.ERROR: Uncaught InvalidArgumentException: Please provide a valid cache path. in C:\Users\Izaid\Downloads\fincontrol-backend\vendor\laravel\framework\src\Illuminate\View\Compilers\Compiler.php:75
Stack trace:
#0 C:\Users\Izaid\Downloads\fincontrol-backend\vendor\laravel\framework\src\Illuminate\View\ViewServiceProvider.php(97): Illuminate\View\Compilers\Compiler->__construct(Object(Illuminate\Filesystem\Filesystem), false, '', true, 'php', true)
#1 C:\Users\Izaid\Downloads\fincontrol-backend\vendor\laravel\framework\src\Illuminate\Container\Container.php(1115): Illuminate\View\ViewServiceProvider->Illuminate\View\{closure}(Object(Illuminate\Foundation\Application), Array)
#2 C:\Users\Izaid\Downloads\fincontrol-backend\vendor\laravel\framework\src\Illuminate\Container\Container.php(933): Illuminate\Container\Container->build(Object(Closure))
#3 C:\Users\Izaid\Downloads\fincontrol-backend\vendor\laravel\framework\src\Illuminate\Foundation\Application.php(1078): Illuminate\Container\Container->resolve('blade.compiler', Array, true)
#4 C:\Users\Izaid\Downloads\fincontrol-backend\vendor\laravel\framework\src\Illuminate\Container\Container.php(864): Illuminate\Foundation\Application->resolve('blade.compiler', Array)
#5 C:\Users\Izaid\Downloads\fincontrol-backend\vendor\laravel\framework\src\Illuminate\Foundation\Application.php(1058): Illuminate\Container\Container->make('blade.compiler', Array)
#6 C:\Users\Izaid\Downloads\fincontrol-backend\vendor\laravel\framework\src\Illuminate\Foundation\helpers.php(138): Illuminate\Foundation\Application->make('blade.compiler', Array)
#7 Command line code(1): app('Illuminate\\View...')
#8 {main}
  thrown {"exception":"[object] (Symfony\\Component\\ErrorHandler\\Error\\FatalError(code: 0): Uncaught InvalidArgumentException: Please provide a valid cache path. in C:\\Users\\Izaid\\Downloads\\fincontrol-backend\\vendor\\laravel\\framework\\src\\Illuminate\\View\\Compilers\\Compiler.php:75
Stack trace:
#0 C:\\Users\\Izaid\\Downloads\\fincontrol-backend\\vendor\\laravel\\framework\\src\\Illuminate\\View\\ViewServiceProvider.php(97): Illuminate\\View\\Compilers\\Compiler->__construct(Object(Illuminate\\Filesystem\\Filesystem), false, '', true, 'php', true)
#1 C:\\Users\\Izaid\\Downloads\\fincontrol-backend\\vendor\\laravel\\framework\\src\\Illuminate\\Container\\Container.php(1115): Illuminate\\View\\ViewServiceProvider->Illuminate\\View\\{closure}(Object(Illuminate\\Foundation\\Application), Array)
#2 C:\\Users\\Izaid\\Downloads\\fincontrol-backend\\vendor\\laravel\\framework\\src\\Illuminate\\Container\\Container.php(933): Illuminate\\Container\\Container->build(Object(Closure))
#3 C:\\Users\\Izaid\\Downloads\\fincontrol-backend\\vendor\\laravel\\framework\\src\\Illuminate\\Foundation\\Application.php(1078): Illuminate\\Container\\Container->resolve('blade.compiler', Array, true)
#4 C:\\Users\\Izaid\\Downloads\\fincontrol-backend\\vendor\\laravel\\framework\\src\\Illuminate\\Container\\Container.php(864): Illuminate\\Foundation\\Application->resolve('blade.compiler', Array)
#5 C:\\Users\\Izaid\\Downloads\\fincontrol-backend\\vendor\\laravel\\framework\\src\\Illuminate\\Foundation\\Application.php(1058): Illuminate\\Container\\Container->make('blade.compiler', Array)
#6 C:\\Users\\Izaid\\Downloads\\fincontrol-backend\\vendor\\laravel\\framework\\src\\Illuminate\\Foundation\\helpers.php(138): Illuminate\\Foundation\\Application->make('blade.compiler', Array)
#7 Command line code(1): app('Illuminate\\\\View...')
#8 {main}
  thrown at C:/Users/Izaid/Downloads/fincontrol-backend/vendor/laravel/framework/src/Illuminate/View/Compilers/Compiler.php:75)
[stacktrace]
#0 {main}
"} 
[2026-08-13 00:52:32] local.ERROR: Uncaught InvalidArgumentException: Please provide a valid cache path. in C:\Users\Izaid\Downloads\fincontrol-backend\vendor\laravel\framework\src\Illuminate\View\Compilers\Compiler.php:75
Stack trace:
#0 C:\Users\Izaid\Downloads\fincontrol-backend\vendor\laravel\framework\src\Illuminate\View\ViewServiceProvider.php(97): Illuminate\View\Compilers\Compiler->__construct(Object(Illuminate\Filesystem\Filesystem), false, '', true, 'php', true)
#1 C:\Users\Izaid\Downloads\fincontrol-backend\vendor\laravel\framework\src\Illuminate\Container\Container.php(1115): Illuminate\View\ViewServiceProvider->Illuminate\View\{closure}(Object(Illuminate\Foundation\Application), Array)
#2 C:\Users\Izaid\Downloads\fincontrol-backend\vendor\laravel\framework\src\Illuminate\Container\Container.php(933): Illuminate\Container\Container->build(Object(Closure))
#3 C:\Users\Izaid\Downloads\fincontrol-backend\vendor\laravel\framework\src\Illuminate\Foundation\Application.php(1078): Illuminate\Container\Container->resolve('blade.compiler', Array, true)
#4 C:\Users\Izaid\Downloads\fincontrol-backend\vendor\laravel\framework\src\Illuminate\Container\Container.php(864): Illuminate\Foundation\Application->resolve('blade.compiler', Array)
#5 C:\Users\Izaid\Downloads\fincontrol-backend\vendor\laravel\framework\src\Illuminate\Foundation\Application.php(1058): Illuminate\Container\Container->make('blade.compiler', Array)
#6 C:\Users\Izaid\Downloads\fincontrol-backend\vendor\laravel\framework\src\Illuminate\Foundation\helpers.php(138): Illuminate\Foundation\Application->make('blade.compiler', Array)
#7 Command line code(1): app('Illuminate\\View...')
#8 {main}
  thrown {"exception":"[object] (Symfony\\Component\\ErrorHandler\\Error\\FatalError(code: 0): Uncaught InvalidArgumentException: Please provide a valid cache path. in C:\\Users\\Izaid\\Downloads\\fincontrol-backend\\vendor\\laravel\\framework\\src\\Illuminate\\View\\Compilers\\Compiler.php:75
Stack trace:
#0 C:\\Users\\Izaid\\Downloads\\fincontrol-backend\\vendor\\laravel\\framework\\src\\Illuminate\\View\\ViewServiceProvider.php(97): Illuminate\\View\\Compilers\\Compiler->__construct(Object(Illuminate\\Filesystem\\Filesystem), false, '', true, 'php', true)
#1 C:\\Users\\Izaid\\Downloads\\fincontrol-backend\\vendor\\laravel\\framework\\src\\Illuminate\\Container\\Container.php(1115): Illuminate\\View\\ViewServiceProvider->Illuminate\\View\\{closure}(Object(Illuminate\\Foundation\\Application), Array)
#2 C:\\Users\\Izaid\\Downloads\\fincontrol-backend\\vendor\\laravel\\framework\\src\\Illuminate\\Container\\Container.php(933): Illuminate\\Container\\Container->build(Object(Closure))
#3 C:\\Users\\Izaid\\Downloads\\fincontrol-backend\\vendor\\laravel\\framework\\src\\Illuminate\\Foundation\\Application.php(1078): Illuminate\\Container\\Container->resolve('blade.compiler', Array, true)
#4 C:\\Users\\Izaid\\Downloads\\fincontrol-backend\\vendor\\laravel\\framework\\src\\Illuminate\\Container\\Container.php(864): Illuminate\\Foundation\\Application->resolve('blade.compiler', Array)
#5 C:\\Users\\Izaid\\Downloads\\fincontrol-backend\\vendor\\laravel\\framework\\src\\Illuminate\\Foundation\\Application.php(1058): Illuminate\\Container\\Container->make('blade.compiler', Array)
#6 C:\\Users\\Izaid\\Downloads\\fincontrol-backend\\vendor\\laravel\\framework\\src\\Illuminate\\Foundation\\helpers.php(138): Illuminate\\Foundation\\Application->make('blade.compiler', Array)
#7 Command line code(1): app('Illuminate\\\\View...')
#8 {main}
  thrown at C:/Users/Izaid/Downloads/fincontrol-backend/vendor/laravel/framework/src/Illuminate/View/Compilers/Compiler.php:75)
[stacktrace]
#0 {main}
"} 
[2026-08-13 01:02:26] local.ERROR: Uncaught InvalidArgumentException: Please provide a valid cache path. in C:\Users\Izaid\Downloads\fincontrol-backend\vendor\laravel\framework\src\Illuminate\View\Compilers\Compiler.php:75
Stack trace:
#0 C:\Users\Izaid\Downloads\fincontrol-backend\vendor\laravel\framework\src\Illuminate\View\ViewServiceProvider.php(97): Illuminate\View\Compilers\Compiler->__construct(Object(Illuminate\Filesystem\Filesystem), false, '', true, 'php', true)
#1 C:\Users\Izaid\Downloads\fincontrol-backend\vendor\laravel\framework\src\Illuminate\Container\Container.php(1115): Illuminate\View\ViewServiceProvider->Illuminate\View\{closure}(Object(Illuminate\Foundation\Application), Array)
#2 C:\Users\Izaid\Downloads\fincontrol-backend\vendor\laravel\framework\src\Illuminate\Container\Container.php(933): Illuminate\Container\Container->build(Object(Closure))
#3 C:\Users\Izaid\Downloads\fincontrol-backend\vendor\laravel\framework\src\Illuminate\Foundation\Application.php(1078): Illuminate\Container\Container->resolve('blade.compiler', Array, true)
#4 C:\Users\Izaid\Downloads\fincontrol-backend\vendor\laravel\framework\src\Illuminate\Container\Container.php(864): Illuminate\Foundation\Application->resolve('blade.compiler', Array)
#5 C:\Users\Izaid\Downloads\fincontrol-backend\vendor\laravel\framework\src\Illuminate\Foundation\Application.php(1058): Illuminate\Container\Container->make('blade.compiler', Array)
#6 C:\Users\Izaid\Downloads\fincontrol-backend\vendor\laravel\framework\src\Illuminate\Foundation\helpers.php(138): Illuminate\Foundation\Application->make('blade.compiler', Array)
#7 Command line code(1): app('Illuminate\\View...')
#8 {main}
  thrown {"exception":"[object] (Symfony\\Component\\ErrorHandler\\Error\\FatalError(code: 0): Uncaught InvalidArgumentException: Please provide a valid cache path. in C:\\Users\\Izaid\\Downloads\\fincontrol-backend\\vendor\\laravel\\framework\\src\\Illuminate\\View\\Compilers\\Compiler.php:75
Stack trace:
#0 C:\\Users\\Izaid\\Downloads\\fincontrol-backend\\vendor\\laravel\\framework\\src\\Illuminate\\View\\ViewServiceProvider.php(97): Illuminate\\View\\Compilers\\Compiler->__construct(Object(Illuminate\\Filesystem\\Filesystem), false, '', true, 'php', true)
#1 C:\\Users\\Izaid\\Downloads\\fincontrol-backend\\vendor\\laravel\\framework\\src\\Illuminate\\Container\\Container.php(1115): Illuminate\\View\\ViewServiceProvider->Illuminate\\View\\{closure}(Object(Illuminate\\Foundation\\Application), Array)
#2 C:\\Users\\Izaid\\Downloads\\fincontrol-backend\\vendor\\laravel\\framework\\src\\Illuminate\\Container\\Container.php(933): Illuminate\\Container\\Container->build(Object(Closure))
#3 C:\\Users\\Izaid\\Downloads\\fincontrol-backend\\vendor\\laravel\\framework\\src\\Illuminate\\Foundation\\Application.php(1078): Illuminate\\Container\\Container->resolve('blade.compiler', Array, true)
#4 C:\\Users\\Izaid\\Downloads\\fincontrol-backend\\vendor\\laravel\\framework\\src\\Illuminate\\Container\\Container.php(864): Illuminate\\Foundation\\Application->resolve('blade.compiler', Array)
#5 C:\\Users\\Izaid\\Downloads\\fincontrol-backend\\vendor\\laravel\\framework\\src\\Illuminate\\Foundation\\Application.php(1058): Illuminate\\Container\\Container->make('blade.compiler', Array)
#6 C:\\Users\\Izaid\\Downloads\\fincontrol-backend\\vendor\\laravel\\framework\\src\\Illuminate\\Foundation\\helpers.php(138): Illuminate\\Foundation\\Application->make('blade.compiler', Array)
#7 Command line code(1): app('Illuminate\\\\View...')
#8 {main}
  thrown at C:/Users/Izaid/Downloads/fincontrol-backend/vendor/laravel/framework/src/Illuminate/View/Compilers/Compiler.php:75)
[stacktrace]
#0 {main}
"} 
[2026-08-13 01:12:26] local.ERROR: Uncaught InvalidArgumentException: Please provide a valid cache path. in C:\Users\Izaid\Downloads\fincontrol-backend\vendor\laravel\framework\src\Illuminate\View\Compilers\Compiler.php:75
Stack trace:
#0 C:\Users\Izaid\Downloads\fincontrol-backend\vendor\laravel\framework\src\Illuminate\View\ViewServiceProvider.php(97): Illuminate\View\Compilers\Compiler->__construct(Object(Illuminate\Filesystem\Filesystem), false, '', true, 'php', true)
#1 C:\Users\Izaid\Downloads\fincontrol-backend\vendor\laravel\framework\src\Illuminate\Container\Container.php(1115): Illuminate\View\ViewServiceProvider->Illuminate\View\{closure}(Object(Illuminate\Foundation\Application), Array)
#2 C:\Users\Izaid\Downloads\fincontrol-backend\vendor\laravel\framework\src\Illuminate\Container\Container.php(933): Illuminate\Container\Container->build(Object(Closure))
#3 C:\Users\Izaid\Downloads\fincontrol-backend\vendor\laravel\framework\src\Illuminate\Foundation\Application.php(1078): Illuminate\Container\Container->resolve('blade.compiler', Array, true)
#4 C:\Users\Izaid\Downloads\fincontrol-backend\vendor\laravel\framework\src\Illuminate\Container\Container.php(864): Illuminate\Foundation\Application->resolve('blade.compiler', Array)
#5 C:\Users\Izaid\Downloads\fincontrol-backend\vendor\laravel\framework\src\Illuminate\Foundation\Application.php(1058): Illuminate\Container\Container->make('blade.compiler', Array)
#6 C:\Users\Izaid\Downloads\fincontrol-backend\vendor\laravel\framework\src\Illuminate\Foundation\helpers.php(138): Illuminate\Foundation\Application->make('blade.compiler', Array)
#7 Command line code(1): app('Illuminate\\View...')
#8 {main}
  thrown {"exception":"[object] (Symfony\\Component\\ErrorHandler\\Error\\FatalError(code: 0): Uncaught InvalidArgumentException: Please provide a valid cache path. in C:\\Users\\Izaid\\Downloads\\fincontrol-backend\\vendor\\laravel\\framework\\src\\Illuminate\\View\\Compilers\\Compiler.php:75
Stack trace:
#0 C:\\Users\\Izaid\\Downloads\\fincontrol-backend\\vendor\\laravel\\framework\\src\\Illuminate\\View\\ViewServiceProvider.php(97): Illuminate\\View\\Compilers\\Compiler->__construct(Object(Illuminate\\Filesystem\\Filesystem), false, '', true, 'php', true)
#1 C:\\Users\\Izaid\\Downloads\\fincontrol-backend\\vendor\\laravel\\framework\\src\\Illuminate\\Container\\Container.php(1115): Illuminate\\View\\ViewServiceProvider->Illuminate\\View\\{closure}(Object(Illuminate\\Foundation\\Application), Array)
#2 C:\\Users\\Izaid\\Downloads\\fincontrol-backend\\vendor\\laravel\\framework\\src\\Illuminate\\Container\\Container.php(933): Illuminate\\Container\\Container->build(Object(Closure))
#3 C:\\Users\\Izaid\\Downloads\\fincontrol-backend\\vendor\\laravel\\framework\\src\\Illuminate\\Foundation\\Application.php(1078): Illuminate\\Container\\Container->resolve('blade.compiler', Array, true)
#4 C:\\Users\\Izaid\\Downloads\\fincontrol-backend\\vendor\\laravel\\framework\\src\\Illuminate\\Container\\Container.php(864): Illuminate\\Foundation\\Application->resolve('blade.compiler', Array)
#5 C:\\Users\\Izaid\\Downloads\\fincontrol-backend\\vendor\\laravel\\framework\\src\\Illuminate\\Foundation\\Application.php(1058): Illuminate\\Container\\Container->make('blade.compiler', Array)
#6 C:\\Users\\Izaid\\Downloads\\fincontrol-backend\\vendor\\laravel\\framework\\src\\Illuminate\\Foundation\\helpers.php(138): Illuminate\\Foundation\\Application->make('blade.compiler', Array)
#7 Command line code(1): app('Illuminate\\\\View...')
#8 {main}
  thrown at C:/Users/Izaid/Downloads/fincontrol-backend/vendor/laravel/framework/src/Illuminate/View/Compilers/Compiler.php:75)
[stacktrace]
#0 {main}
"} 
[2026-08-13 01:22:26] local.ERROR: Uncaught InvalidArgumentException: Please provide a valid cache path. in C:\Users\Izaid\Downloads\fincontrol-backend\vendor\laravel\framework\src\Illuminate\View\Compilers\Compiler.php:75
Stack trace:
#0 C:\Users\Izaid\Downloads\fincontrol-backend\vendor\laravel\framework\src\Illuminate\View\ViewServiceProvider.php(97): Illuminate\View\Compilers\Compiler->__construct(Object(Illuminate\Filesystem\Filesystem), false, '', true, 'php', true)
#1 C:\Users\Izaid\Downloads\fincontrol-backend\vendor\laravel\framework\src\Illuminate\Container\Container.php(1115): Illuminate\View\ViewServiceProvider->Illuminate\View\{closure}(Object(Illuminate\Foundation\Application), Array)
#2 C:\Users\Izaid\Downloads\fincontrol-backend\vendor\laravel\framework\src\Illuminate\Container\Container.php(933): Illuminate\Container\Container->build(Object(Closure))
#3 C:\Users\Izaid\Downloads\fincontrol-backend\vendor\laravel\framework\src\Illuminate\Foundation\Application.php(1078): Illuminate\Container\Container->resolve('blade.compiler', Array, true)
#4 C:\Users\Izaid\Downloads\fincontrol-backend\vendor\laravel\framework\src\Illuminate\Container\Container.php(864): Illuminate\Foundation\Application->resolve('blade.compiler', Array)
#5 C:\Users\Izaid\Downloads\fincontrol-backend\vendor\laravel\framework\src\Illuminate\Foundation\Application.php(1058): Illuminate\Container\Container->make('blade.compiler', Array)
#6 C:\Users\Izaid\Downloads\fincontrol-backend\vendor\laravel\framework\src\Illuminate\Foundation\helpers.php(138): Illuminate\Foundation\Application->make('blade.compiler', Array)
#7 Command line code(1): app('Illuminate\\View...')
#8 {main}
  thrown {"exception":"[object] (Symfony\\Component\\ErrorHandler\\Error\\FatalError(code: 0): Uncaught InvalidArgumentException: Please provide a valid cache path. in C:\\Users\\Izaid\\Downloads\\fincontrol-backend\\vendor\\laravel\\framework\\src\\Illuminate\\View\\Compilers\\Compiler.php:75
Stack trace:
#0 C:\\Users\\Izaid\\Downloads\\fincontrol-backend\\vendor\\laravel\\framework\\src\\Illuminate\\View\\ViewServiceProvider.php(97): Illuminate\\View\\Compilers\\Compiler->__construct(Object(Illuminate\\Filesystem\\Filesystem), false, '', true, 'php', true)
#1 C:\\Users\\Izaid\\Downloads\\fincontrol-backend\\vendor\\laravel\\framework\\src\\Illuminate\\Container\\Container.php(1115): Illuminate\\View\\ViewServiceProvider->Illuminate\\View\\{closure}(Object(Illuminate\\Foundation\\Application), Array)
#2 C:\\Users\\Izaid\\Downloads\\fincontrol-backend\\vendor\\laravel\\framework\\src\\Illuminate\\Container\\Container.php(933): Illuminate\\Container\\Container->build(Object(Closure))
#3 C:\\Users\\Izaid\\Downloads\\fincontrol-backend\\vendor\\laravel\\framework\\src\\Illuminate\\Foundation\\Application.php(1078): Illuminate\\Container\\Container->resolve('blade.compiler', Array, true)
#4 C:\\Users\\Izaid\\Downloads\\fincontrol-backend\\vendor\\laravel\\framework\\src\\Illuminate\\Container\\Container.php(864): Illuminate\\Foundation\\Application->resolve('blade.compiler', Array)
#5 C:\\Users\\Izaid\\Downloads\\fincontrol-backend\\vendor\\laravel\\framework\\src\\Illuminate\\Foundation\\Application.php(1058): Illuminate\\Container\\Container->make('blade.compiler', Array)
#6 C:\\Users\\Izaid\\Downloads\\fincontrol-backend\\vendor\\laravel\\framework\\src\\Illuminate\\Foundation\\helpers.php(138): Illuminate\\Foundation\\Application->make('blade.compiler', Array)
#7 Command line code(1): app('Illuminate\\\\View...')
#8 {main}
  thrown at C:/Users/Izaid/Downloads/fincontrol-backend/vendor/laravel/framework/src/Illuminate/View/Compilers/Compiler.php:75)
[stacktrace]
#0 {main}
"} 
[2026-08-13 01:32:26] local.ERROR: Uncaught InvalidArgumentException: Please provide a valid cache path. in C:\Users\Izaid\Downloads\fincontrol-backend\vendor\laravel\framework\src\Illuminate\View\Compilers\Compiler.php:75
Stack trace:
#0 C:\Users\Izaid\Downloads\fincontrol-backend\vendor\laravel\framework\src\Illuminate\View\ViewServiceProvider.php(97): Illuminate\View\Compilers\Compiler->__construct(Object(Illuminate\Filesystem\Filesystem), false, '', true, 'php', true)
#1 C:\Users\Izaid\Downloads\fincontrol-backend\vendor\laravel\framework\src\Illuminate\Container\Container.php(1115): Illuminate\View\ViewServiceProvider->Illuminate\View\{closure}(Object(Illuminate\Foundation\Application), Array)
#2 C:\Users\Izaid\Downloads\fincontrol-backend\vendor\laravel\framework\src\Illuminate\Container\Container.php(933): Illuminate\Container\Container->build(Object(Closure))
#3 C:\Users\Izaid\Downloads\fincontrol-backend\vendor\laravel\framework\src\Illuminate\Foundation\Application.php(1078): Illuminate\Container\Container->resolve('blade.compiler', Array, true)
#4 C:\Users\Izaid\Downloads\fincontrol-backend\vendor\laravel\framework\src\Illuminate\Container\Container.php(864): Illuminate\Foundation\Application->resolve('blade.compiler', Array)
#5 C:\Users\Izaid\Downloads\fincontrol-backend\vendor\laravel\framework\src\Illuminate\Foundation\Application.php(1058): Illuminate\Container\Container->make('blade.compiler', Array)
#6 C:\Users\Izaid\Downloads\fincontrol-backend\vendor\laravel\framework\src\Illuminate\Foundation\helpers.php(138): Illuminate\Foundation\Application->make('blade.compiler', Array)
#7 Command line code(1): app('Illuminate\\View...')
#8 {main}
  thrown {"exception":"[object] (Symfony\\Component\\ErrorHandler\\Error\\FatalError(code: 0): Uncaught InvalidArgumentException: Please provide a valid cache path. in C:\\Users\\Izaid\\Downloads\\fincontrol-backend\\vendor\\laravel\\framework\\src\\Illuminate\\View\\Compilers\\Compiler.php:75
Stack trace:
#0 C:\\Users\\Izaid\\Downloads\\fincontrol-backend\\vendor\\laravel\\framework\\src\\Illuminate\\View\\ViewServiceProvider.php(97): Illuminate\\View\\Compilers\\Compiler->__construct(Object(Illuminate\\Filesystem\\Filesystem), false, '', true, 'php', true)
#1 C:\\Users\\Izaid\\Downloads\\fincontrol-backend\\vendor\\laravel\\framework\\src\\Illuminate\\Container\\Container.php(1115): Illuminate\\View\\ViewServiceProvider->Illuminate\\View\\{closure}(Object(Illuminate\\Foundation\\Application), Array)
#2 C:\\Users\\Izaid\\Downloads\\fincontrol-backend\\vendor\\laravel\\framework\\src\\Illuminate\\Container\\Container.php(933): Illuminate\\Container\\Container->build(Object(Closure))
#3 C:\\Users\\Izaid\\Downloads\\fincontrol-backend\\vendor\\laravel\\framework\\src\\Illuminate\\Foundation\\Application.php(1078): Illuminate\\Container\\Container->resolve('blade.compiler', Array, true)
#4 C:\\Users\\Izaid\\Downloads\\fincontrol-backend\\vendor\\laravel\\framework\\src\\Illuminate\\Container\\Container.php(864): Illuminate\\Foundation\\Application->resolve('blade.compiler', Array)
#5 C:\\Users\\Izaid\\Downloads\\fincontrol-backend\\vendor\\laravel\\framework\\src\\Illuminate\\Foundation\\Application.php(1058): Illuminate\\Container\\Container->make('blade.compiler', Array)
#6 C:\\Users\\Izaid\\Downloads\\fincontrol-backend\\vendor\\laravel\\framework\\src\\Illuminate\\Foundation\\helpers.php(138): Illuminate\\Foundation\\Application->make('blade.compiler', Array)
#7 Command line code(1): app('Illuminate\\\\View...')
#8 {main}
  thrown at C:/Users/Izaid/Downloads/fincontrol-backend/vendor/laravel/framework/src/Illuminate/View/Compilers/Compiler.php:75)
[stacktrace]
#0 {main}
"} 
[2026-08-13 01:42:26] local.ERROR: Uncaught InvalidArgumentException: Please provide a valid cache path. in C:\Users\Izaid\Downloads\fincontrol-backend\vendor\laravel\framework\src\Illuminate\View\Compilers\Compiler.php:75
Stack trace:
#0 C:\Users\Izaid\Downloads\fincontrol-backend\vendor\laravel\framework\src\Illuminate\View\ViewServiceProvider.php(97): Illuminate\View\Compilers\Compiler->__construct(Object(Illuminate\Filesystem\Filesystem), false, '', true, 'php', true)
#1 C:\Users\Izaid\Downloads\fincontrol-backend\vendor\laravel\framework\src\Illuminate\Container\Container.php(1115): Illuminate\View\ViewServiceProvider->Illuminate\View\{closure}(Object(Illuminate\Foundation\Application), Array)
#2 C:\Users\Izaid\Downloads\fincontrol-backend\vendor\laravel\framework\src\Illuminate\Container\Container.php(933): Illuminate\Container\Container->build(Object(Closure))
#3 C:\Users\Izaid\Downloads\fincontrol-backend\vendor\laravel\framework\src\Illuminate\Foundation\Application.php(1078): Illuminate\Container\Container->resolve('blade.compiler', Array, true)
#4 C:\Users\Izaid\Downloads\fincontrol-backend\vendor\laravel\framework\src\Illuminate\Container\Container.php(864): Illuminate\Foundation\Application->resolve('blade.compiler', Array)
#5 C:\Users\Izaid\Downloads\fincontrol-backend\vendor\laravel\framework\src\Illuminate\Foundation\Application.php(1058): Illuminate\Container\Container->make('blade.compiler', Array)
#6 C:\Users\Izaid\Downloads\fincontrol-backend\vendor\laravel\framework\src\Illuminate\Foundation\helpers.php(138): Illuminate\Foundation\Application->make('blade.compiler', Array)
#7 Command line code(1): app('Illuminate\\View...')
#8 {main}
  thrown {"exception":"[object] (Symfony\\Component\\ErrorHandler\\Error\\FatalError(code: 0): Uncaught InvalidArgumentException: Please provide a valid cache path. in C:\\Users\\Izaid\\Downloads\\fincontrol-backend\\vendor\\laravel\\framework\\src\\Illuminate\\View\\Compilers\\Compiler.php:75
Stack trace:
#0 C:\\Users\\Izaid\\Downloads\\fincontrol-backend\\vendor\\laravel\\framework\\src\\Illuminate\\View\\ViewServiceProvider.php(97): Illuminate\\View\\Compilers\\Compiler->__construct(Object(Illuminate\\Filesystem\\Filesystem), false, '', true, 'php', true)
#1 C:\\Users\\Izaid\\Downloads\\fincontrol-backend\\vendor\\laravel\\framework\\src\\Illuminate\\Container\\Container.php(1115): Illuminate\\View\\ViewServiceProvider->Illuminate\\View\\{closure}(Object(Illuminate\\Foundation\\Application), Array)
#2 C:\\Users\\Izaid\\Downloads\\fincontrol-backend\\vendor\\laravel\\framework\\src\\Illuminate\\Container\\Container.php(933): Illuminate\\Container\\Container->build(Object(Closure))
#3 C:\\Users\\Izaid\\Downloads\\fincontrol-backend\\vendor\\laravel\\framework\\src\\Illuminate\\Foundation\\Application.php(1078): Illuminate\\Container\\Container->resolve('blade.compiler', Array, true)
#4 C:\\Users\\Izaid\\Downloads\\fincontrol-backend\\vendor\\laravel\\framework\\src\\Illuminate\\Container\\Container.php(864): Illuminate\\Foundation\\Application->resolve('blade.compiler', Array)
#5 C:\\Users\\Izaid\\Downloads\\fincontrol-backend\\vendor\\laravel\\framework\\src\\Illuminate\\Foundation\\Application.php(1058): Illuminate\\Container\\Container->make('blade.compiler', Array)
#6 C:\\Users\\Izaid\\Downloads\\fincontrol-backend\\vendor\\laravel\\framework\\src\\Illuminate\\Foundation\\helpers.php(138): Illuminate\\Foundation\\Application->make('blade.compiler', Array)
#7 Command line code(1): app('Illuminate\\\\View...')
#8 {main}
  thrown at C:/Users/Izaid/Downloads/fincontrol-backend/vendor/laravel/framework/src/Illuminate/View/Compilers/Compiler.php:75)
[stacktrace]
#0 {main}
"} 
[2026-08-13 01:52:26] local.ERROR: Uncaught InvalidArgumentException: Please provide a valid cache path. in C:\Users\Izaid\Downloads\fincontrol-backend\vendor\laravel\framework\src\Illuminate\View\Compilers\Compiler.php:75
Stack trace:
#0 C:\Users\Izaid\Downloads\fincontrol-backend\vendor\laravel\framework\src\Illuminate\View\ViewServiceProvider.php(97): Illuminate\View\Compilers\Compiler->__construct(Object(Illuminate\Filesystem\Filesystem), false, '', true, 'php', true)
#1 C:\Users\Izaid\Downloads\fincontrol-backend\vendor\laravel\framework\src\Illuminate\Container\Container.php(1115): Illuminate\View\ViewServiceProvider->Illuminate\View\{closure}(Object(Illuminate\Foundation\Application), Array)
#2 C:\Users\Izaid\Downloads\fincontrol-backend\vendor\laravel\framework\src\Illuminate\Container\Container.php(933): Illuminate\Container\Container->build(Object(Closure))
#3 C:\Users\Izaid\Downloads\fincontrol-backend\vendor\laravel\framework\src\Illuminate\Foundation\Application.php(1078): Illuminate\Container\Container->resolve('blade.compiler', Array, true)
#4 C:\Users\Izaid\Downloads\fincontrol-backend\vendor\laravel\framework\src\Illuminate\Container\Container.php(864): Illuminate\Foundation\Application->resolve('blade.compiler', Array)
#5 C:\Users\Izaid\Downloads\fincontrol-backend\vendor\laravel\framework\src\Illuminate\Foundation\Application.php(1058): Illuminate\Container\Container->make('blade.compiler', Array)
#6 C:\Users\Izaid\Downloads\fincontrol-backend\vendor\laravel\framework\src\Illuminate\Foundation\helpers.php(138): Illuminate\Foundation\Application->make('blade.compiler', Array)
#7 Command line code(1): app('Illuminate\\View...')
#8 {main}
  thrown {"exception":"[object] (Symfony\\Component\\ErrorHandler\\Error\\FatalError(code: 0): Uncaught InvalidArgumentException: Please provide a valid cache path. in C:\\Users\\Izaid\\Downloads\\fincontrol-backend\\vendor\\laravel\\framework\\src\\Illuminate\\View\\Compilers\\Compiler.php:75
Stack trace:
#0 C:\\Users\\Izaid\\Downloads\\fincontrol-backend\\vendor\\laravel\\framework\\src\\Illuminate\\View\\ViewServiceProvider.php(97): Illuminate\\View\\Compilers\\Compiler->__construct(Object(Illuminate\\Filesystem\\Filesystem), false, '', true, 'php', true)
#1 C:\\Users\\Izaid\\Downloads\\fincontrol-backend\\vendor\\laravel\\framework\\src\\Illuminate\\Container\\Container.php(1115): Illuminate\\View\\ViewServiceProvider->Illuminate\\View\\{closure}(Object(Illuminate\\Foundation\\Application), Array)
#2 C:\\Users\\Izaid\\Downloads\\fincontrol-backend\\vendor\\laravel\\framework\\src\\Illuminate\\Container\\Container.php(933): Illuminate\\Container\\Container->build(Object(Closure))
#3 C:\\Users\\Izaid\\Downloads\\fincontrol-backend\\vendor\\laravel\\framework\\src\\Illuminate\\Foundation\\Application.php(1078): Illuminate\\Container\\Container->resolve('blade.compiler', Array, true)
#4 C:\\Users\\Izaid\\Downloads\\fincontrol-backend\\vendor\\laravel\\framework\\src\\Illuminate\\Container\\Container.php(864): Illuminate\\Foundation\\Application->resolve('blade.compiler', Array)
#5 C:\\Users\\Izaid\\Downloads\\fincontrol-backend\\vendor\\laravel\\framework\\src\\Illuminate\\Foundation\\Application.php(1058): Illuminate\\Container\\Container->make('blade.compiler', Array)
#6 C:\\Users\\Izaid\\Downloads\\fincontrol-backend\\vendor\\laravel\\framework\\src\\Illuminate\\Foundation\\helpers.php(138): Illuminate\\Foundation\\Application->make('blade.compiler', Array)
#7 Command line code(1): app('Illuminate\\\\View...')
#8 {main}
  thrown at C:/Users/Izaid/Downloads/fincontrol-backend/vendor/laravel/framework/src/Illuminate/View/Compilers/Compiler.php:75)
[stacktrace]
#0 {main}
"} 
[2026-08-13 02:02:26] local.ERROR: Uncaught InvalidArgumentException: Please provide a valid cache path. in C:\Users\Izaid\Downloads\fincontrol-backend\vendor\laravel\framework\src\Illuminate\View\Compilers\Compiler.php:75
Stack trace:
#0 C:\Users\Izaid\Downloads\fincontrol-backend\vendor\laravel\framework\src\Illuminate\View\ViewServiceProvider.php(97): Illuminate\View\Compilers\Compiler->__construct(Object(Illuminate\Filesystem\Filesystem), false, '', true, 'php', true)
#1 C:\Users\Izaid\Downloads\fincontrol-backend\vendor\laravel\framework\src\Illuminate\Container\Container.php(1115): Illuminate\View\ViewServiceProvider->Illuminate\View\{closure}(Object(Illuminate\Foundation\Application), Array)
#2 C:\Users\Izaid\Downloads\fincontrol-backend\vendor\laravel\framework\src\Illuminate\Container\Container.php(933): Illuminate\Container\Container->build(Object(Closure))
#3 C:\Users\Izaid\Downloads\fincontrol-backend\vendor\laravel\framework\src\Illuminate\Foundation\Application.php(1078): Illuminate\Container\Container->resolve('blade.compiler', Array, true)
#4 C:\Users\Izaid\Downloads\fincontrol-backend\vendor\laravel\framework\src\Illuminate\Container\Container.php(864): Illuminate\Foundation\Application->resolve('blade.compiler', Array)
#5 C:\Users\Izaid\Downloads\fincontrol-backend\vendor\laravel\framework\src\Illuminate\Foundation\Application.php(1058): Illuminate\Container\Container->make('blade.compiler', Array)
#6 C:\Users\Izaid\Downloads\fincontrol-backend\vendor\laravel\framework\src\Illuminate\Foundation\helpers.php(138): Illuminate\Foundation\Application->make('blade.compiler', Array)
#7 Command line code(1): app('Illuminate\\View...')
#8 {main}
  thrown {"exception":"[object] (Symfony\\Component\\ErrorHandler\\Error\\FatalError(code: 0): Uncaught InvalidArgumentException: Please provide a valid cache path. in C:\\Users\\Izaid\\Downloads\\fincontrol-backend\\vendor\\laravel\\framework\\src\\Illuminate\\View\\Compilers\\Compiler.php:75
Stack trace:
#0 C:\\Users\\Izaid\\Downloads\\fincontrol-backend\\vendor\\laravel\\framework\\src\\Illuminate\\View\\ViewServiceProvider.php(97): Illuminate\\View\\Compilers\\Compiler->__construct(Object(Illuminate\\Filesystem\\Filesystem), false, '', true, 'php', true)
#1 C:\\Users\\Izaid\\Downloads\\fincontrol-backend\\vendor\\laravel\\framework\\src\\Illuminate\\Container\\Container.php(1115): Illuminate\\View\\ViewServiceProvider->Illuminate\\View\\{closure}(Object(Illuminate\\Foundation\\Application), Array)
#2 C:\\Users\\Izaid\\Downloads\\fincontrol-backend\\vendor\\laravel\\framework\\src\\Illuminate\\Container\\Container.php(933): Illuminate\\Container\\Container->build(Object(Closure))
#3 C:\\Users\\Izaid\\Downloads\\fincontrol-backend\\vendor\\laravel\\framework\\src\\Illuminate\\Foundation\\Application.php(1078): Illuminate\\Container\\Container->resolve('blade.compiler', Array, true)
#4 C:\\Users\\Izaid\\Downloads\\fincontrol-backend\\vendor\\laravel\\framework\\src\\Illuminate\\Container\\Container.php(864): Illuminate\\Foundation\\Application->resolve('blade.compiler', Array)
#5 C:\\Users\\Izaid\\Downloads\\fincontrol-backend\\vendor\\laravel\\framework\\src\\Illuminate\\Foundation\\Application.php(1058): Illuminate\\Container\\Container->make('blade.compiler', Array)
#6 C:\\Users\\Izaid\\Downloads\\fincontrol-backend\\vendor\\laravel\\framework\\src\\Illuminate\\Foundation\\helpers.php(138): Illuminate\\Foundation\\Application->make('blade.compiler', Array)
#7 Command line code(1): app('Illuminate\\\\View...')
#8 {main}
  thrown at C:/Users/Izaid/Downloads/fincontrol-backend/vendor/laravel/framework/src/Illuminate/View/Compilers/Compiler.php:75)
[stacktrace]
#0 {main}
"} 
[2026-08-13 02:12:26] local.ERROR: Uncaught InvalidArgumentException: Please provide a valid cache path. in C:\Users\Izaid\Downloads\fincontrol-backend\vendor\laravel\framework\src\Illuminate\View\Compilers\Compiler.php:75
Stack trace:
#0 C:\Users\Izaid\Downloads\fincontrol-backend\vendor\laravel\framework\src\Illuminate\View\ViewServiceProvider.php(97): Illuminate\View\Compilers\Compiler->__construct(Object(Illuminate\Filesystem\Filesystem), false, '', true, 'php', true)
#1 C:\Users\Izaid\Downloads\fincontrol-backend\vendor\laravel\framework\src\Illuminate\Container\Container.php(1115): Illuminate\View\ViewServiceProvider->Illuminate\View\{closure}(Object(Illuminate\Foundation\Application), Array)
#2 C:\Users\Izaid\Downloads\fincontrol-backend\vendor\laravel\framework\src\Illuminate\Container\Container.php(933): Illuminate\Container\Container->build(Object(Closure))
#3 C:\Users\Izaid\Downloads\fincontrol-backend\vendor\laravel\framework\src\Illuminate\Foundation\Application.php(1078): Illuminate\Container\Container->resolve('blade.compiler', Array, true)
#4 C:\Users\Izaid\Downloads\fincontrol-backend\vendor\laravel\framework\src\Illuminate\Container\Container.php(864): Illuminate\Foundation\Application->resolve('blade.compiler', Array)
#5 C:\Users\Izaid\Downloads\fincontrol-backend\vendor\laravel\framework\src\Illuminate\Foundation\Application.php(1058): Illuminate\Container\Container->make('blade.compiler', Array)
#6 C:\Users\Izaid\Downloads\fincontrol-backend\vendor\laravel\framework\src\Illuminate\Foundation\helpers.php(138): Illuminate\Foundation\Application->make('blade.compiler', Array)
#7 Command line code(1): app('Illuminate\\View...')
#8 {main}
  thrown {"exception":"[object] (Symfony\\Component\\ErrorHandler\\Error\\FatalError(code: 0): Uncaught InvalidArgumentException: Please provide a valid cache path. in C:\\Users\\Izaid\\Downloads\\fincontrol-backend\\vendor\\laravel\\framework\\src\\Illuminate\\View\\Compilers\\Compiler.php:75
Stack trace:
#0 C:\\Users\\Izaid\\Downloads\\fincontrol-backend\\vendor\\laravel\\framework\\src\\Illuminate\\View\\ViewServiceProvider.php(97): Illuminate\\View\\Compilers\\Compiler->__construct(Object(Illuminate\\Filesystem\\Filesystem), false, '', true, 'php', true)
#1 C:\\Users\\Izaid\\Downloads\\fincontrol-backend\\vendor\\laravel\\framework\\src\\Illuminate\\Container\\Container.php(1115): Illuminate\\View\\ViewServiceProvider->Illuminate\\View\\{closure}(Object(Illuminate\\Foundation\\Application), Array)
#2 C:\\Users\\Izaid\\Downloads\\fincontrol-backend\\vendor\\laravel\\framework\\src\\Illuminate\\Container\\Container.php(933): Illuminate\\Container\\Container->build(Object(Closure))
#3 C:\\Users\\Izaid\\Downloads\\fincontrol-backend\\vendor\\laravel\\framework\\src\\Illuminate\\Foundation\\Application.php(1078): Illuminate\\Container\\Container->resolve('blade.compiler', Array, true)
#4 C:\\Users\\Izaid\\Downloads\\fincontrol-backend\\vendor\\laravel\\framework\\src\\Illuminate\\Container\\Container.php(864): Illuminate\\Foundation\\Application->resolve('blade.compiler', Array)
#5 C:\\Users\\Izaid\\Downloads\\fincontrol-backend\\vendor\\laravel\\framework\\src\\Illuminate\\Foundation\\Application.php(1058): Illuminate\\Container\\Container->make('blade.compiler', Array)
#6 C:\\Users\\Izaid\\Downloads\\fincontrol-backend\\vendor\\laravel\\framework\\src\\Illuminate\\Foundation\\helpers.php(138): Illuminate\\Foundation\\Application->make('blade.compiler', Array)
#7 Command line code(1): app('Illuminate\\\\View...')
#8 {main}
  thrown at C:/Users/Izaid/Downloads/fincontrol-backend/vendor/laravel/framework/src/Illuminate/View/Compilers/Compiler.php:75)
[stacktrace]
#0 {main}
"} 
[2026-08-13 02:22:26] local.ERROR: Uncaught InvalidArgumentException: Please provide a valid cache path. in C:\Users\Izaid\Downloads\fincontrol-backend\vendor\laravel\framework\src\Illuminate\View\Compilers\Compiler.php:75
Stack trace:
#0 C:\Users\Izaid\Downloads\fincontrol-backend\vendor\laravel\framework\src\Illuminate\View\ViewServiceProvider.php(97): Illuminate\View\Compilers\Compiler->__construct(Object(Illuminate\Filesystem\Filesystem), false, '', true, 'php', true)
#1 C:\Users\Izaid\Downloads\fincontrol-backend\vendor\laravel\framework\src\Illuminate\Container\Container.php(1115): Illuminate\View\ViewServiceProvider->Illuminate\View\{closure}(Object(Illuminate\Foundation\Application), Array)
#2 C:\Users\Izaid\Downloads\fincontrol-backend\vendor\laravel\framework\src\Illuminate\Container\Container.php(933): Illuminate\Container\Container->build(Object(Closure))
#3 C:\Users\Izaid\Downloads\fincontrol-backend\vendor\laravel\framework\src\Illuminate\Foundation\Application.php(1078): Illuminate\Container\Container->resolve('blade.compiler', Array, true)
#4 C:\Users\Izaid\Downloads\fincontrol-backend\vendor\laravel\framework\src\Illuminate\Container\Container.php(864): Illuminate\Foundation\Application->resolve('blade.compiler', Array)
#5 C:\Users\Izaid\Downloads\fincontrol-backend\vendor\laravel\framework\src\Illuminate\Foundation\Application.php(1058): Illuminate\Container\Container->make('blade.compiler', Array)
#6 C:\Users\Izaid\Downloads\fincontrol-backend\vendor\laravel\framework\src\Illuminate\Foundation\helpers.php(138): Illuminate\Foundation\Application->make('blade.compiler', Array)
#7 Command line code(1): app('Illuminate\\View...')
#8 {main}
  thrown {"exception":"[object] (Symfony\\Component\\ErrorHandler\\Error\\FatalError(code: 0): Uncaught InvalidArgumentException: Please provide a valid cache path. in C:\\Users\\Izaid\\Downloads\\fincontrol-backend\\vendor\\laravel\\framework\\src\\Illuminate\\View\\Compilers\\Compiler.php:75
Stack trace:
#0 C:\\Users\\Izaid\\Downloads\\fincontrol-backend\\vendor\\laravel\\framework\\src\\Illuminate\\View\\ViewServiceProvider.php(97): Illuminate\\View\\Compilers\\Compiler->__construct(Object(Illuminate\\Filesystem\\Filesystem), false, '', true, 'php', true)
#1 C:\\Users\\Izaid\\Downloads\\fincontrol-backend\\vendor\\laravel\\framework\\src\\Illuminate\\Container\\Container.php(1115): Illuminate\\View\\ViewServiceProvider->Illuminate\\View\\{closure}(Object(Illuminate\\Foundation\\Application), Array)
#2 C:\\Users\\Izaid\\Downloads\\fincontrol-backend\\vendor\\laravel\\framework\\src\\Illuminate\\Container\\Container.php(933): Illuminate\\Container\\Container->build(Object(Closure))
#3 C:\\Users\\Izaid\\Downloads\\fincontrol-backend\\vendor\\laravel\\framework\\src\\Illuminate\\Foundation\\Application.php(1078): Illuminate\\Container\\Container->resolve('blade.compiler', Array, true)
#4 C:\\Users\\Izaid\\Downloads\\fincontrol-backend\\vendor\\laravel\\framework\\src\\Illuminate\\Container\\Container.php(864): Illuminate\\Foundation\\Application->resolve('blade.compiler', Array)
#5 C:\\Users\\Izaid\\Downloads\\fincontrol-backend\\vendor\\laravel\\framework\\src\\Illuminate\\Foundation\\Application.php(1058): Illuminate\\Container\\Container->make('blade.compiler', Array)
#6 C:\\Users\\Izaid\\Downloads\\fincontrol-backend\\vendor\\laravel\\framework\\src\\Illuminate\\Foundation\\helpers.php(138): Illuminate\\Foundation\\Application->make('blade.compiler', Array)
#7 Command line code(1): app('Illuminate\\\\View...')
#8 {main}
  thrown at C:/Users/Izaid/Downloads/fincontrol-backend/vendor/laravel/framework/src/Illuminate/View/Compilers/Compiler.php:75)
[stacktrace]
#0 {main}
"} 
[2026-08-13 02:32:26] local.ERROR: Uncaught InvalidArgumentException: Please provide a valid cache path. in C:\Users\Izaid\Downloads\fincontrol-backend\vendor\laravel\framework\src\Illuminate\View\Compilers\Compiler.php:75
Stack trace:
#0 C:\Users\Izaid\Downloads\fincontrol-backend\vendor\laravel\framework\src\Illuminate\View\ViewServiceProvider.php(97): Illuminate\View\Compilers\Compiler->__construct(Object(Illuminate\Filesystem\Filesystem), false, '', true, 'php', true)
#1 C:\Users\Izaid\Downloads\fincontrol-backend\vendor\laravel\framework\src\Illuminate\Container\Container.php(1115): Illuminate\View\ViewServiceProvider->Illuminate\View\{closure}(Object(Illuminate\Foundation\Application), Array)
#2 C:\Users\Izaid\Downloads\fincontrol-backend\vendor\laravel\framework\src\Illuminate\Container\Container.php(933): Illuminate\Container\Container->build(Object(Closure))
#3 C:\Users\Izaid\Downloads\fincontrol-backend\vendor\laravel\framework\src\Illuminate\Foundation\Application.php(1078): Illuminate\Container\Container->resolve('blade.compiler', Array, true)
#4 C:\Users\Izaid\Downloads\fincontrol-backend\vendor\laravel\framework\src\Illuminate\Container\Container.php(864): Illuminate\Foundation\Application->resolve('blade.compiler', Array)
#5 C:\Users\Izaid\Downloads\fincontrol-backend\vendor\laravel\framework\src\Illuminate\Foundation\Application.php(1058): Illuminate\Container\Container->make('blade.compiler', Array)
#6 C:\Users\Izaid\Downloads\fincontrol-backend\vendor\laravel\framework\src\Illuminate\Foundation\helpers.php(138): Illuminate\Foundation\Application->make('blade.compiler', Array)
#7 Command line code(1): app('Illuminate\\View...')
#8 {main}
  thrown {"exception":"[object] (Symfony\\Component\\ErrorHandler\\Error\\FatalError(code: 0): Uncaught InvalidArgumentException: Please provide a valid cache path. in C:\\Users\\Izaid\\Downloads\\fincontrol-backend\\vendor\\laravel\\framework\\src\\Illuminate\\View\\Compilers\\Compiler.php:75
Stack trace:
#0 C:\\Users\\Izaid\\Downloads\\fincontrol-backend\\vendor\\laravel\\framework\\src\\Illuminate\\View\\ViewServiceProvider.php(97): Illuminate\\View\\Compilers\\Compiler->__construct(Object(Illuminate\\Filesystem\\Filesystem), false, '', true, 'php', true)
#1 C:\\Users\\Izaid\\Downloads\\fincontrol-backend\\vendor\\laravel\\framework\\src\\Illuminate\\Container\\Container.php(1115): Illuminate\\View\\ViewServiceProvider->Illuminate\\View\\{closure}(Object(Illuminate\\Foundation\\Application), Array)
#2 C:\\Users\\Izaid\\Downloads\\fincontrol-backend\\vendor\\laravel\\framework\\src\\Illuminate\\Container\\Container.php(933): Illuminate\\Container\\Container->build(Object(Closure))
#3 C:\\Users\\Izaid\\Downloads\\fincontrol-backend\\vendor\\laravel\\framework\\src\\Illuminate\\Foundation\\Application.php(1078): Illuminate\\Container\\Container->resolve('blade.compiler', Array, true)
#4 C:\\Users\\Izaid\\Downloads\\fincontrol-backend\\vendor\\laravel\\framework\\src\\Illuminate\\Container\\Container.php(864): Illuminate\\Foundation\\Application->resolve('blade.compiler', Array)
#5 C:\\Users\\Izaid\\Downloads\\fincontrol-backend\\vendor\\laravel\\framework\\src\\Illuminate\\Foundation\\Application.php(1058): Illuminate\\Container\\Container->make('blade.compiler', Array)
#6 C:\\Users\\Izaid\\Downloads\\fincontrol-backend\\vendor\\laravel\\framework\\src\\Illuminate\\Foundation\\helpers.php(138): Illuminate\\Foundation\\Application->make('blade.compiler', Array)
#7 Command line code(1): app('Illuminate\\\\View...')
#8 {main}
  thrown at C:/Users/Izaid/Downloads/fincontrol-backend/vendor/laravel/framework/src/Illuminate/View/Compilers/Compiler.php:75)
[stacktrace]
#0 {main}
"} 
[2026-08-13 02:42:26] local.ERROR: Uncaught InvalidArgumentException: Please provide a valid cache path. in C:\Users\Izaid\Downloads\fincontrol-backend\vendor\laravel\framework\src\Illuminate\View\Compilers\Compiler.php:75
Stack trace:
#0 C:\Users\Izaid\Downloads\fincontrol-backend\vendor\laravel\framework\src\Illuminate\View\ViewServiceProvider.php(97): Illuminate\View\Compilers\Compiler->__construct(Object(Illuminate\Filesystem\Filesystem), false, '', true, 'php', true)
#1 C:\Users\Izaid\Downloads\fincontrol-backend\vendor\laravel\framework\src\Illuminate\Container\Container.php(1115): Illuminate\View\ViewServiceProvider->Illuminate\View\{closure}(Object(Illuminate\Foundation\Application), Array)
#2 C:\Users\Izaid\Downloads\fincontrol-backend\vendor\laravel\framework\src\Illuminate\Container\Container.php(933): Illuminate\Container\Container->build(Object(Closure))
#3 C:\Users\Izaid\Downloads\fincontrol-backend\vendor\laravel\framework\src\Illuminate\Foundation\Application.php(1078): Illuminate\Container\Container->resolve('blade.compiler', Array, true)
#4 C:\Users\Izaid\Downloads\fincontrol-backend\vendor\laravel\framework\src\Illuminate\Container\Container.php(864): Illuminate\Foundation\Application->resolve('blade.compiler', Array)
#5 C:\Users\Izaid\Downloads\fincontrol-backend\vendor\laravel\framework\src\Illuminate\Foundation\Application.php(1058): Illuminate\Container\Container->make('blade.compiler', Array)
#6 C:\Users\Izaid\Downloads\fincontrol-backend\vendor\laravel\framework\src\Illuminate\Foundation\helpers.php(138): Illuminate\Foundation\Application->make('blade.compiler', Array)
#7 Command line code(1): app('Illuminate\\View...')
#8 {main}
  thrown {"exception":"[object] (Symfony\\Component\\ErrorHandler\\Error\\FatalError(code: 0): Uncaught InvalidArgumentException: Please provide a valid cache path. in C:\\Users\\Izaid\\Downloads\\fincontrol-backend\\vendor\\laravel\\framework\\src\\Illuminate\\View\\Compilers\\Compiler.php:75
Stack trace:
#0 C:\\Users\\Izaid\\Downloads\\fincontrol-backend\\vendor\\laravel\\framework\\src\\Illuminate\\View\\ViewServiceProvider.php(97): Illuminate\\View\\Compilers\\Compiler->__construct(Object(Illuminate\\Filesystem\\Filesystem), false, '', true, 'php', true)
#1 C:\\Users\\Izaid\\Downloads\\fincontrol-backend\\vendor\\laravel\\framework\\src\\Illuminate\\Container\\Container.php(1115): Illuminate\\View\\ViewServiceProvider->Illuminate\\View\\{closure}(Object(Illuminate\\Foundation\\Application), Array)
#2 C:\\Users\\Izaid\\Downloads\\fincontrol-backend\\vendor\\laravel\\framework\\src\\Illuminate\\Container\\Container.php(933): Illuminate\\Container\\Container->build(Object(Closure))
#3 C:\\Users\\Izaid\\Downloads\\fincontrol-backend\\vendor\\laravel\\framework\\src\\Illuminate\\Foundation\\Application.php(1078): Illuminate\\Container\\Container->resolve('blade.compiler', Array, true)
#4 C:\\Users\\Izaid\\Downloads\\fincontrol-backend\\vendor\\laravel\\framework\\src\\Illuminate\\Container\\Container.php(864): Illuminate\\Foundation\\Application->resolve('blade.compiler', Array)
#5 C:\\Users\\Izaid\\Downloads\\fincontrol-backend\\vendor\\laravel\\framework\\src\\Illuminate\\Foundation\\Application.php(1058): Illuminate\\Container\\Container->make('blade.compiler', Array)
#6 C:\\Users\\Izaid\\Downloads\\fincontrol-backend\\vendor\\laravel\\framework\\src\\Illuminate\\Foundation\\helpers.php(138): Illuminate\\Foundation\\Application->make('blade.compiler', Array)
#7 Command line code(1): app('Illuminate\\\\View...')
#8 {main}
  thrown at C:/Users/Izaid/Downloads/fincontrol-backend/vendor/laravel/framework/src/Illuminate/View/Compilers/Compiler.php:75)
[stacktrace]
#0 {main}
"} 
[2026-08-13 02:52:26] local.ERROR: Uncaught InvalidArgumentException: Please provide a valid cache path. in C:\Users\Izaid\Downloads\fincontrol-backend\vendor\laravel\framework\src\Illuminate\View\Compilers\Compiler.php:75
Stack trace:
#0 C:\Users\Izaid\Downloads\fincontrol-backend\vendor\laravel\framework\src\Illuminate\View\ViewServiceProvider.php(97): Illuminate\View\Compilers\Compiler->__construct(Object(Illuminate\Filesystem\Filesystem), false, '', true, 'php', true)
#1 C:\Users\Izaid\Downloads\fincontrol-backend\vendor\laravel\framework\src\Illuminate\Container\Container.php(1115): Illuminate\View\ViewServiceProvider->Illuminate\View\{closure}(Object(Illuminate\Foundation\Application), Array)
#2 C:\Users\Izaid\Downloads\fincontrol-backend\vendor\laravel\framework\src\Illuminate\Container\Container.php(933): Illuminate\Container\Container->build(Object(Closure))
#3 C:\Users\Izaid\Downloads\fincontrol-backend\vendor\laravel\framework\src\Illuminate\Foundation\Application.php(1078): Illuminate\Container\Container->resolve('blade.compiler', Array, true)
#4 C:\Users\Izaid\Downloads\fincontrol-backend\vendor\laravel\framework\src\Illuminate\Container\Container.php(864): Illuminate\Foundation\Application->resolve('blade.compiler', Array)
#5 C:\Users\Izaid\Downloads\fincontrol-backend\vendor\laravel\framework\src\Illuminate\Foundation\Application.php(1058): Illuminate\Container\Container->make('blade.compiler', Array)
#6 C:\Users\Izaid\Downloads\fincontrol-backend\vendor\laravel\framework\src\Illuminate\Foundation\helpers.php(138): Illuminate\Foundation\Application->make('blade.compiler', Array)
#7 Command line code(1): app('Illuminate\\View...')
#8 {main}
  thrown {"exception":"[object] (Symfony\\Component\\ErrorHandler\\Error\\FatalError(code: 0): Uncaught InvalidArgumentException: Please provide a valid cache path. in C:\\Users\\Izaid\\Downloads\\fincontrol-backend\\vendor\\laravel\\framework\\src\\Illuminate\\View\\Compilers\\Compiler.php:75
Stack trace:
#0 C:\\Users\\Izaid\\Downloads\\fincontrol-backend\\vendor\\laravel\\framework\\src\\Illuminate\\View\\ViewServiceProvider.php(97): Illuminate\\View\\Compilers\\Compiler->__construct(Object(Illuminate\\Filesystem\\Filesystem), false, '', true, 'php', true)
#1 C:\\Users\\Izaid\\Downloads\\fincontrol-backend\\vendor\\laravel\\framework\\src\\Illuminate\\Container\\Container.php(1115): Illuminate\\View\\ViewServiceProvider->Illuminate\\View\\{closure}(Object(Illuminate\\Foundation\\Application), Array)
#2 C:\\Users\\Izaid\\Downloads\\fincontrol-backend\\vendor\\laravel\\framework\\src\\Illuminate\\Container\\Container.php(933): Illuminate\\Container\\Container->build(Object(Closure))
#3 C:\\Users\\Izaid\\Downloads\\fincontrol-backend\\vendor\\laravel\\framework\\src\\Illuminate\\Foundation\\Application.php(1078): Illuminate\\Container\\Container->resolve('blade.compiler', Array, true)
#4 C:\\Users\\Izaid\\Downloads\\fincontrol-backend\\vendor\\laravel\\framework\\src\\Illuminate\\Container\\Container.php(864): Illuminate\\Foundation\\Application->resolve('blade.compiler', Array)
#5 C:\\Users\\Izaid\\Downloads\\fincontrol-backend\\vendor\\laravel\\framework\\src\\Illuminate\\Foundation\\Application.php(1058): Illuminate\\Container\\Container->make('blade.compiler', Array)
#6 C:\\Users\\Izaid\\Downloads\\fincontrol-backend\\vendor\\laravel\\framework\\src\\Illuminate\\Foundation\\helpers.php(138): Illuminate\\Foundation\\Application->make('blade.compiler', Array)
#7 Command line code(1): app('Illuminate\\\\View...')
#8 {main}
  thrown at C:/Users/Izaid/Downloads/fincontrol-backend/vendor/laravel/framework/src/Illuminate/View/Compilers/Compiler.php:75)
[stacktrace]
#0 {main}
"} 
[2026-08-13 03:02:26] local.ERROR: Uncaught InvalidArgumentException: Please provide a valid cache path. in C:\Users\Izaid\Downloads\fincontrol-backend\vendor\laravel\framework\src\Illuminate\View\Compilers\Compiler.php:75
Stack trace:
#0 C:\Users\Izaid\Downloads\fincontrol-backend\vendor\laravel\framework\src\Illuminate\View\ViewServiceProvider.php(97): Illuminate\View\Compilers\Compiler->__construct(Object(Illuminate\Filesystem\Filesystem), false, '', true, 'php', true)
#1 C:\Users\Izaid\Downloads\fincontrol-backend\vendor\laravel\framework\src\Illuminate\Container\Container.php(1115): Illuminate\View\ViewServiceProvider->Illuminate\View\{closure}(Object(Illuminate\Foundation\Application), Array)
#2 C:\Users\Izaid\Downloads\fincontrol-backend\vendor\laravel\framework\src\Illuminate\Container\Container.php(933): Illuminate\Container\Container->build(Object(Closure))
#3 C:\Users\Izaid\Downloads\fincontrol-backend\vendor\laravel\framework\src\Illuminate\Foundation\Application.php(1078): Illuminate\Container\Container->resolve('blade.compiler', Array, true)
#4 C:\Users\Izaid\Downloads\fincontrol-backend\vendor\laravel\framework\src\Illuminate\Container\Container.php(864): Illuminate\Foundation\Application->resolve('blade.compiler', Array)
#5 C:\Users\Izaid\Downloads\fincontrol-backend\vendor\laravel\framework\src\Illuminate\Foundation\Application.php(1058): Illuminate\Container\Container->make('blade.compiler', Array)
#6 C:\Users\Izaid\Downloads\fincontrol-backend\vendor\laravel\framework\src\Illuminate\Foundation\helpers.php(138): Illuminate\Foundation\Application->make('blade.compiler', Array)
#7 Command line code(1): app('Illuminate\\View...')
#8 {main}
  thrown {"exception":"[object] (Symfony\\Component\\ErrorHandler\\Error\\FatalError(code: 0): Uncaught InvalidArgumentException: Please provide a valid cache path. in C:\\Users\\Izaid\\Downloads\\fincontrol-backend\\vendor\\laravel\\framework\\src\\Illuminate\\View\\Compilers\\Compiler.php:75
Stack trace:
#0 C:\\Users\\Izaid\\Downloads\\fincontrol-backend\\vendor\\laravel\\framework\\src\\Illuminate\\View\\ViewServiceProvider.php(97): Illuminate\\View\\Compilers\\Compiler->__construct(Object(Illuminate\\Filesystem\\Filesystem), false, '', true, 'php', true)
#1 C:\\Users\\Izaid\\Downloads\\fincontrol-backend\\vendor\\laravel\\framework\\src\\Illuminate\\Container\\Container.php(1115): Illuminate\\View\\ViewServiceProvider->Illuminate\\View\\{closure}(Object(Illuminate\\Foundation\\Application), Array)
#2 C:\\Users\\Izaid\\Downloads\\fincontrol-backend\\vendor\\laravel\\framework\\src\\Illuminate\\Container\\Container.php(933): Illuminate\\Container\\Container->build(Object(Closure))
#3 C:\\Users\\Izaid\\Downloads\\fincontrol-backend\\vendor\\laravel\\framework\\src\\Illuminate\\Foundation\\Application.php(1078): Illuminate\\Container\\Container->resolve('blade.compiler', Array, true)
#4 C:\\Users\\Izaid\\Downloads\\fincontrol-backend\\vendor\\laravel\\framework\\src\\Illuminate\\Container\\Container.php(864): Illuminate\\Foundation\\Application->resolve('blade.compiler', Array)
#5 C:\\Users\\Izaid\\Downloads\\fincontrol-backend\\vendor\\laravel\\framework\\src\\Illuminate\\Foundation\\Application.php(1058): Illuminate\\Container\\Container->make('blade.compiler', Array)
#6 C:\\Users\\Izaid\\Downloads\\fincontrol-backend\\vendor\\laravel\\framework\\src\\Illuminate\\Foundation\\helpers.php(138): Illuminate\\Foundation\\Application->make('blade.compiler', Array)
#7 Command line code(1): app('Illuminate\\\\View...')
#8 {main}
  thrown at C:/Users/Izaid/Downloads/fincontrol-backend/vendor/laravel/framework/src/Illuminate/View/Compilers/Compiler.php:75)
[stacktrace]
#0 {main}
"} 
[2026-08-13 03:12:26] local.ERROR: Uncaught InvalidArgumentException: Please provide a valid cache path. in C:\Users\Izaid\Downloads\fincontrol-backend\vendor\laravel\framework\src\Illuminate\View\Compilers\Compiler.php:75
Stack trace:
#0 C:\Users\Izaid\Downloads\fincontrol-backend\vendor\laravel\framework\src\Illuminate\View\ViewServiceProvider.php(97): Illuminate\View\Compilers\Compiler->__construct(Object(Illuminate\Filesystem\Filesystem), false, '', true, 'php', true)
#1 C:\Users\Izaid\Downloads\fincontrol-backend\vendor\laravel\framework\src\Illuminate\Container\Container.php(1115): Illuminate\View\ViewServiceProvider->Illuminate\View\{closure}(Object(Illuminate\Foundation\Application), Array)
#2 C:\Users\Izaid\Downloads\fincontrol-backend\vendor\laravel\framework\src\Illuminate\Container\Container.php(933): Illuminate\Container\Container->build(Object(Closure))
#3 C:\Users\Izaid\Downloads\fincontrol-backend\vendor\laravel\framework\src\Illuminate\Foundation\Application.php(1078): Illuminate\Container\Container->resolve('blade.compiler', Array, true)
#4 C:\Users\Izaid\Downloads\fincontrol-backend\vendor\laravel\framework\src\Illuminate\Container\Container.php(864): Illuminate\Foundation\Application->resolve('blade.compiler', Array)
#5 C:\Users\Izaid\Downloads\fincontrol-backend\vendor\laravel\framework\src\Illuminate\Foundation\Application.php(1058): Illuminate\Container\Container->make('blade.compiler', Array)
#6 C:\Users\Izaid\Downloads\fincontrol-backend\vendor\laravel\framework\src\Illuminate\Foundation\helpers.php(138): Illuminate\Foundation\Application->make('blade.compiler', Array)
#7 Command line code(1): app('Illuminate\\View...')
#8 {main}
  thrown {"exception":"[object] (Symfony\\Component\\ErrorHandler\\Error\\FatalError(code: 0): Uncaught InvalidArgumentException: Please provide a valid cache path. in C:\\Users\\Izaid\\Downloads\\fincontrol-backend\\vendor\\laravel\\framework\\src\\Illuminate\\View\\Compilers\\Compiler.php:75
Stack trace:
#0 C:\\Users\\Izaid\\Downloads\\fincontrol-backend\\vendor\\laravel\\framework\\src\\Illuminate\\View\\ViewServiceProvider.php(97): Illuminate\\View\\Compilers\\Compiler->__construct(Object(Illuminate\\Filesystem\\Filesystem), false, '', true, 'php', true)
#1 C:\\Users\\Izaid\\Downloads\\fincontrol-backend\\vendor\\laravel\\framework\\src\\Illuminate\\Container\\Container.php(1115): Illuminate\\View\\ViewServiceProvider->Illuminate\\View\\{closure}(Object(Illuminate\\Foundation\\Application), Array)
#2 C:\\Users\\Izaid\\Downloads\\fincontrol-backend\\vendor\\laravel\\framework\\src\\Illuminate\\Container\\Container.php(933): Illuminate\\Container\\Container->build(Object(Closure))
#3 C:\\Users\\Izaid\\Downloads\\fincontrol-backend\\vendor\\laravel\\framework\\src\\Illuminate\\Foundation\\Application.php(1078): Illuminate\\Container\\Container->resolve('blade.compiler', Array, true)
#4 C:\\Users\\Izaid\\Downloads\\fincontrol-backend\\vendor\\laravel\\framework\\src\\Illuminate\\Container\\Container.php(864): Illuminate\\Foundation\\Application->resolve('blade.compiler', Array)
#5 C:\\Users\\Izaid\\Downloads\\fincontrol-backend\\vendor\\laravel\\framework\\src\\Illuminate\\Foundation\\Application.php(1058): Illuminate\\Container\\Container->make('blade.compiler', Array)
#6 C:\\Users\\Izaid\\Downloads\\fincontrol-backend\\vendor\\laravel\\framework\\src\\Illuminate\\Foundation\\helpers.php(138): Illuminate\\Foundation\\Application->make('blade.compiler', Array)
#7 Command line code(1): app('Illuminate\\\\View...')
#8 {main}
  thrown at C:/Users/Izaid/Downloads/fincontrol-backend/vendor/laravel/framework/src/Illuminate/View/Compilers/Compiler.php:75)
[stacktrace]
#0 {main}
"} 
[2026-08-13 03:22:26] local.ERROR: Uncaught InvalidArgumentException: Please provide a valid cache path. in C:\Users\Izaid\Downloads\fincontrol-backend\vendor\laravel\framework\src\Illuminate\View\Compilers\Compiler.php:75
Stack trace:
#0 C:\Users\Izaid\Downloads\fincontrol-backend\vendor\laravel\framework\src\Illuminate\View\ViewServiceProvider.php(97): Illuminate\View\Compilers\Compiler->__construct(Object(Illuminate\Filesystem\Filesystem), false, '', true, 'php', true)
#1 C:\Users\Izaid\Downloads\fincontrol-backend\vendor\laravel\framework\src\Illuminate\Container\Container.php(1115): Illuminate\View\ViewServiceProvider->Illuminate\View\{closure}(Object(Illuminate\Foundation\Application), Array)
#2 C:\Users\Izaid\Downloads\fincontrol-backend\vendor\laravel\framework\src\Illuminate\Container\Container.php(933): Illuminate\Container\Container->build(Object(Closure))
#3 C:\Users\Izaid\Downloads\fincontrol-backend\vendor\laravel\framework\src\Illuminate\Foundation\Application.php(1078): Illuminate\Container\Container->resolve('blade.compiler', Array, true)
#4 C:\Users\Izaid\Downloads\fincontrol-backend\vendor\laravel\framework\src\Illuminate\Container\Container.php(864): Illuminate\Foundation\Application->resolve('blade.compiler', Array)
#5 C:\Users\Izaid\Downloads\fincontrol-backend\vendor\laravel\framework\src\Illuminate\Foundation\Application.php(1058): Illuminate\Container\Container->make('blade.compiler', Array)
#6 C:\Users\Izaid\Downloads\fincontrol-backend\vendor\laravel\framework\src\Illuminate\Foundation\helpers.php(138): Illuminate\Foundation\Application->make('blade.compiler', Array)
#7 Command line code(1): app('Illuminate\\View...')
#8 {main}
  thrown {"exception":"[object] (Symfony\\Component\\ErrorHandler\\Error\\FatalError(code: 0): Uncaught InvalidArgumentException: Please provide a valid cache path. in C:\\Users\\Izaid\\Downloads\\fincontrol-backend\\vendor\\laravel\\framework\\src\\Illuminate\\View\\Compilers\\Compiler.php:75
Stack trace:
#0 C:\\Users\\Izaid\\Downloads\\fincontrol-backend\\vendor\\laravel\\framework\\src\\Illuminate\\View\\ViewServiceProvider.php(97): Illuminate\\View\\Compilers\\Compiler->__construct(Object(Illuminate\\Filesystem\\Filesystem), false, '', true, 'php', true)
#1 C:\\Users\\Izaid\\Downloads\\fincontrol-backend\\vendor\\laravel\\framework\\src\\Illuminate\\Container\\Container.php(1115): Illuminate\\View\\ViewServiceProvider->Illuminate\\View\\{closure}(Object(Illuminate\\Foundation\\Application), Array)
#2 C:\\Users\\Izaid\\Downloads\\fincontrol-backend\\vendor\\laravel\\framework\\src\\Illuminate\\Container\\Container.php(933): Illuminate\\Container\\Container->build(Object(Closure))
#3 C:\\Users\\Izaid\\Downloads\\fincontrol-backend\\vendor\\laravel\\framework\\src\\Illuminate\\Foundation\\Application.php(1078): Illuminate\\Container\\Container->resolve('blade.compiler', Array, true)
#4 C:\\Users\\Izaid\\Downloads\\fincontrol-backend\\vendor\\laravel\\framework\\src\\Illuminate\\Container\\Container.php(864): Illuminate\\Foundation\\Application->resolve('blade.compiler', Array)
#5 C:\\Users\\Izaid\\Downloads\\fincontrol-backend\\vendor\\laravel\\framework\\src\\Illuminate\\Foundation\\Application.php(1058): Illuminate\\Container\\Container->make('blade.compiler', Array)
#6 C:\\Users\\Izaid\\Downloads\\fincontrol-backend\\vendor\\laravel\\framework\\src\\Illuminate\\Foundation\\helpers.php(138): Illuminate\\Foundation\\Application->make('blade.compiler', Array)
#7 Command line code(1): app('Illuminate\\\\View...')
#8 {main}
  thrown at C:/Users/Izaid/Downloads/fincontrol-backend/vendor/laravel/framework/src/Illuminate/View/Compilers/Compiler.php:75)
[stacktrace]
#0 {main}
"} 
[2026-08-13 03:32:26] local.ERROR: Uncaught InvalidArgumentException: Please provide a valid cache path. in C:\Users\Izaid\Downloads\fincontrol-backend\vendor\laravel\framework\src\Illuminate\View\Compilers\Compiler.php:75
Stack trace:
#0 C:\Users\Izaid\Downloads\fincontrol-backend\vendor\laravel\framework\src\Illuminate\View\ViewServiceProvider.php(97): Illuminate\View\Compilers\Compiler->__construct(Object(Illuminate\Filesystem\Filesystem), false, '', true, 'php', true)
#1 C:\Users\Izaid\Downloads\fincontrol-backend\vendor\laravel\framework\src\Illuminate\Container\Container.php(1115): Illuminate\View\ViewServiceProvider->Illuminate\View\{closure}(Object(Illuminate\Foundation\Application), Array)
#2 C:\Users\Izaid\Downloads\fincontrol-backend\vendor\laravel\framework\src\Illuminate\Container\Container.php(933): Illuminate\Container\Container->build(Object(Closure))
#3 C:\Users\Izaid\Downloads\fincontrol-backend\vendor\laravel\framework\src\Illuminate\Foundation\Application.php(1078): Illuminate\Container\Container->resolve('blade.compiler', Array, true)
#4 C:\Users\Izaid\Downloads\fincontrol-backend\vendor\laravel\framework\src\Illuminate\Container\Container.php(864): Illuminate\Foundation\Application->resolve('blade.compiler', Array)
#5 C:\Users\Izaid\Downloads\fincontrol-backend\vendor\laravel\framework\src\Illuminate\Foundation\Application.php(1058): Illuminate\Container\Container->make('blade.compiler', Array)
#6 C:\Users\Izaid\Downloads\fincontrol-backend\vendor\laravel\framework\src\Illuminate\Foundation\helpers.php(138): Illuminate\Foundation\Application->make('blade.compiler', Array)
#7 Command line code(1): app('Illuminate\\View...')
#8 {main}
  thrown {"exception":"[object] (Symfony\\Component\\ErrorHandler\\Error\\FatalError(code: 0): Uncaught InvalidArgumentException: Please provide a valid cache path. in C:\\Users\\Izaid\\Downloads\\fincontrol-backend\\vendor\\laravel\\framework\\src\\Illuminate\\View\\Compilers\\Compiler.php:75
Stack trace:
#0 C:\\Users\\Izaid\\Downloads\\fincontrol-backend\\vendor\\laravel\\framework\\src\\Illuminate\\View\\ViewServiceProvider.php(97): Illuminate\\View\\Compilers\\Compiler->__construct(Object(Illuminate\\Filesystem\\Filesystem), false, '', true, 'php', true)
#1 C:\\Users\\Izaid\\Downloads\\fincontrol-backend\\vendor\\laravel\\framework\\src\\Illuminate\\Container\\Container.php(1115): Illuminate\\View\\ViewServiceProvider->Illuminate\\View\\{closure}(Object(Illuminate\\Foundation\\Application), Array)
#2 C:\\Users\\Izaid\\Downloads\\fincontrol-backend\\vendor\\laravel\\framework\\src\\Illuminate\\Container\\Container.php(933): Illuminate\\Container\\Container->build(Object(Closure))
#3 C:\\Users\\Izaid\\Downloads\\fincontrol-backend\\vendor\\laravel\\framework\\src\\Illuminate\\Foundation\\Application.php(1078): Illuminate\\Container\\Container->resolve('blade.compiler', Array, true)
#4 C:\\Users\\Izaid\\Downloads\\fincontrol-backend\\vendor\\laravel\\framework\\src\\Illuminate\\Container\\Container.php(864): Illuminate\\Foundation\\Application->resolve('blade.compiler', Array)
#5 C:\\Users\\Izaid\\Downloads\\fincontrol-backend\\vendor\\laravel\\framework\\src\\Illuminate\\Foundation\\Application.php(1058): Illuminate\\Container\\Container->make('blade.compiler', Array)
#6 C:\\Users\\Izaid\\Downloads\\fincontrol-backend\\vendor\\laravel\\framework\\src\\Illuminate\\Foundation\\helpers.php(138): Illuminate\\Foundation\\Application->make('blade.compiler', Array)
#7 Command line code(1): app('Illuminate\\\\View...')
#8 {main}
  thrown at C:/Users/Izaid/Downloads/fincontrol-backend/vendor/laravel/framework/src/Illuminate/View/Compilers/Compiler.php:75)
[stacktrace]
#0 {main}
"} 
[2026-08-13 03:42:26] local.ERROR: Uncaught InvalidArgumentException: Please provide a valid cache path. in C:\Users\Izaid\Downloads\fincontrol-backend\vendor\laravel\framework\src\Illuminate\View\Compilers\Compiler.php:75
Stack trace:
#0 C:\Users\Izaid\Downloads\fincontrol-backend\vendor\laravel\framework\src\Illuminate\View\ViewServiceProvider.php(97): Illuminate\View\Compilers\Compiler->__construct(Object(Illuminate\Filesystem\Filesystem), false, '', true, 'php', true)
#1 C:\Users\Izaid\Downloads\fincontrol-backend\vendor\laravel\framework\src\Illuminate\Container\Container.php(1115): Illuminate\View\ViewServiceProvider->Illuminate\View\{closure}(Object(Illuminate\Foundation\Application), Array)
#2 C:\Users\Izaid\Downloads\fincontrol-backend\vendor\laravel\framework\src\Illuminate\Container\Container.php(933): Illuminate\Container\Container->build(Object(Closure))
#3 C:\Users\Izaid\Downloads\fincontrol-backend\vendor\laravel\framework\src\Illuminate\Foundation\Application.php(1078): Illuminate\Container\Container->resolve('blade.compiler', Array, true)
#4 C:\Users\Izaid\Downloads\fincontrol-backend\vendor\laravel\framework\src\Illuminate\Container\Container.php(864): Illuminate\Foundation\Application->resolve('blade.compiler', Array)
#5 C:\Users\Izaid\Downloads\fincontrol-backend\vendor\laravel\framework\src\Illuminate\Foundation\Application.php(1058): Illuminate\Container\Container->make('blade.compiler', Array)
#6 C:\Users\Izaid\Downloads\fincontrol-backend\vendor\laravel\framework\src\Illuminate\Foundation\helpers.php(138): Illuminate\Foundation\Application->make('blade.compiler', Array)
#7 Command line code(1): app('Illuminate\\View...')
#8 {main}
  thrown {"exception":"[object] (Symfony\\Component\\ErrorHandler\\Error\\FatalError(code: 0): Uncaught InvalidArgumentException: Please provide a valid cache path. in C:\\Users\\Izaid\\Downloads\\fincontrol-backend\\vendor\\laravel\\framework\\src\\Illuminate\\View\\Compilers\\Compiler.php:75
Stack trace:
#0 C:\\Users\\Izaid\\Downloads\\fincontrol-backend\\vendor\\laravel\\framework\\src\\Illuminate\\View\\ViewServiceProvider.php(97): Illuminate\\View\\Compilers\\Compiler->__construct(Object(Illuminate\\Filesystem\\Filesystem), false, '', true, 'php', true)
#1 C:\\Users\\Izaid\\Downloads\\fincontrol-backend\\vendor\\laravel\\framework\\src\\Illuminate\\Container\\Container.php(1115): Illuminate\\View\\ViewServiceProvider->Illuminate\\View\\{closure}(Object(Illuminate\\Foundation\\Application), Array)
#2 C:\\Users\\Izaid\\Downloads\\fincontrol-backend\\vendor\\laravel\\framework\\src\\Illuminate\\Container\\Container.php(933): Illuminate\\Container\\Container->build(Object(Closure))
#3 C:\\Users\\Izaid\\Downloads\\fincontrol-backend\\vendor\\laravel\\framework\\src\\Illuminate\\Foundation\\Application.php(1078): Illuminate\\Container\\Container->resolve('blade.compiler', Array, true)
#4 C:\\Users\\Izaid\\Downloads\\fincontrol-backend\\vendor\\laravel\\framework\\src\\Illuminate\\Container\\Container.php(864): Illuminate\\Foundation\\Application->resolve('blade.compiler', Array)
#5 C:\\Users\\Izaid\\Downloads\\fincontrol-backend\\vendor\\laravel\\framework\\src\\Illuminate\\Foundation\\Application.php(1058): Illuminate\\Container\\Container->make('blade.compiler', Array)
#6 C:\\Users\\Izaid\\Downloads\\fincontrol-backend\\vendor\\laravel\\framework\\src\\Illuminate\\Foundation\\helpers.php(138): Illuminate\\Foundation\\Application->make('blade.compiler', Array)
#7 Command line code(1): app('Illuminate\\\\View...')
#8 {main}
  thrown at C:/Users/Izaid/Downloads/fincontrol-backend/vendor/laravel/framework/src/Illuminate/View/Compilers/Compiler.php:75)
[stacktrace]
#0 {main}
"} 
[2026-08-13 03:52:26] local.ERROR: Uncaught InvalidArgumentException: Please provide a valid cache path. in C:\Users\Izaid\Downloads\fincontrol-backend\vendor\laravel\framework\src\Illuminate\View\Compilers\Compiler.php:75
Stack trace:
#0 C:\Users\Izaid\Downloads\fincontrol-backend\vendor\laravel\framework\src\Illuminate\View\ViewServiceProvider.php(97): Illuminate\View\Compilers\Compiler->__construct(Object(Illuminate\Filesystem\Filesystem), false, '', true, 'php', true)
#1 C:\Users\Izaid\Downloads\fincontrol-backend\vendor\laravel\framework\src\Illuminate\Container\Container.php(1115): Illuminate\View\ViewServiceProvider->Illuminate\View\{closure}(Object(Illuminate\Foundation\Application), Array)
#2 C:\Users\Izaid\Downloads\fincontrol-backend\vendor\laravel\framework\src\Illuminate\Container\Container.php(933): Illuminate\Container\Container->build(Object(Closure))
#3 C:\Users\Izaid\Downloads\fincontrol-backend\vendor\laravel\framework\src\Illuminate\Foundation\Application.php(1078): Illuminate\Container\Container->resolve('blade.compiler', Array, true)
#4 C:\Users\Izaid\Downloads\fincontrol-backend\vendor\laravel\framework\src\Illuminate\Container\Container.php(864): Illuminate\Foundation\Application->resolve('blade.compiler', Array)
#5 C:\Users\Izaid\Downloads\fincontrol-backend\vendor\laravel\framework\src\Illuminate\Foundation\Application.php(1058): Illuminate\Container\Container->make('blade.compiler', Array)
#6 C:\Users\Izaid\Downloads\fincontrol-backend\vendor\laravel\framework\src\Illuminate\Foundation\helpers.php(138): Illuminate\Foundation\Application->make('blade.compiler', Array)
#7 Command line code(1): app('Illuminate\\View...')
#8 {main}
  thrown {"exception":"[object] (Symfony\\Component\\ErrorHandler\\Error\\FatalError(code: 0): Uncaught InvalidArgumentException: Please provide a valid cache path. in C:\\Users\\Izaid\\Downloads\\fincontrol-backend\\vendor\\laravel\\framework\\src\\Illuminate\\View\\Compilers\\Compiler.php:75
Stack trace:
#0 C:\\Users\\Izaid\\Downloads\\fincontrol-backend\\vendor\\laravel\\framework\\src\\Illuminate\\View\\ViewServiceProvider.php(97): Illuminate\\View\\Compilers\\Compiler->__construct(Object(Illuminate\\Filesystem\\Filesystem), false, '', true, 'php', true)
#1 C:\\Users\\Izaid\\Downloads\\fincontrol-backend\\vendor\\laravel\\framework\\src\\Illuminate\\Container\\Container.php(1115): Illuminate\\View\\ViewServiceProvider->Illuminate\\View\\{closure}(Object(Illuminate\\Foundation\\Application), Array)
#2 C:\\Users\\Izaid\\Downloads\\fincontrol-backend\\vendor\\laravel\\framework\\src\\Illuminate\\Container\\Container.php(933): Illuminate\\Container\\Container->build(Object(Closure))
#3 C:\\Users\\Izaid\\Downloads\\fincontrol-backend\\vendor\\laravel\\framework\\src\\Illuminate\\Foundation\\Application.php(1078): Illuminate\\Container\\Container->resolve('blade.compiler', Array, true)
#4 C:\\Users\\Izaid\\Downloads\\fincontrol-backend\\vendor\\laravel\\framework\\src\\Illuminate\\Container\\Container.php(864): Illuminate\\Foundation\\Application->resolve('blade.compiler', Array)
#5 C:\\Users\\Izaid\\Downloads\\fincontrol-backend\\vendor\\laravel\\framework\\src\\Illuminate\\Foundation\\Application.php(1058): Illuminate\\Container\\Container->make('blade.compiler', Array)
#6 C:\\Users\\Izaid\\Downloads\\fincontrol-backend\\vendor\\laravel\\framework\\src\\Illuminate\\Foundation\\helpers.php(138): Illuminate\\Foundation\\Application->make('blade.compiler', Array)
#7 Command line code(1): app('Illuminate\\\\View...')
#8 {main}
  thrown at C:/Users/Izaid/Downloads/fincontrol-backend/vendor/laravel/framework/src/Illuminate/View/Compilers/Compiler.php:75)
[stacktrace]
#0 {main}
"} 
[2026-08-13 04:02:26] local.ERROR: Uncaught InvalidArgumentException: Please provide a valid cache path. in C:\Users\Izaid\Downloads\fincontrol-backend\vendor\laravel\framework\src\Illuminate\View\Compilers\Compiler.php:75
Stack trace:
#0 C:\Users\Izaid\Downloads\fincontrol-backend\vendor\laravel\framework\src\Illuminate\View\ViewServiceProvider.php(97): Illuminate\View\Compilers\Compiler->__construct(Object(Illuminate\Filesystem\Filesystem), false, '', true, 'php', true)
#1 C:\Users\Izaid\Downloads\fincontrol-backend\vendor\laravel\framework\src\Illuminate\Container\Container.php(1115): Illuminate\View\ViewServiceProvider->Illuminate\View\{closure}(Object(Illuminate\Foundation\Application), Array)
#2 C:\Users\Izaid\Downloads\fincontrol-backend\vendor\laravel\framework\src\Illuminate\Container\Container.php(933): Illuminate\Container\Container->build(Object(Closure))
#3 C:\Users\Izaid\Downloads\fincontrol-backend\vendor\laravel\framework\src\Illuminate\Foundation\Application.php(1078): Illuminate\Container\Container->resolve('blade.compiler', Array, true)
#4 C:\Users\Izaid\Downloads\fincontrol-backend\vendor\laravel\framework\src\Illuminate\Container\Container.php(864): Illuminate\Foundation\Application->resolve('blade.compiler', Array)
#5 C:\Users\Izaid\Downloads\fincontrol-backend\vendor\laravel\framework\src\Illuminate\Foundation\Application.php(1058): Illuminate\Container\Container->make('blade.compiler', Array)
#6 C:\Users\Izaid\Downloads\fincontrol-backend\vendor\laravel\framework\src\Illuminate\Foundation\helpers.php(138): Illuminate\Foundation\Application->make('blade.compiler', Array)
#7 Command line code(1): app('Illuminate\\View...')
#8 {main}
  thrown {"exception":"[object] (Symfony\\Component\\ErrorHandler\\Error\\FatalError(code: 0): Uncaught InvalidArgumentException: Please provide a valid cache path. in C:\\Users\\Izaid\\Downloads\\fincontrol-backend\\vendor\\laravel\\framework\\src\\Illuminate\\View\\Compilers\\Compiler.php:75
Stack trace:
#0 C:\\Users\\Izaid\\Downloads\\fincontrol-backend\\vendor\\laravel\\framework\\src\\Illuminate\\View\\ViewServiceProvider.php(97): Illuminate\\View\\Compilers\\Compiler->__construct(Object(Illuminate\\Filesystem\\Filesystem), false, '', true, 'php', true)
#1 C:\\Users\\Izaid\\Downloads\\fincontrol-backend\\vendor\\laravel\\framework\\src\\Illuminate\\Container\\Container.php(1115): Illuminate\\View\\ViewServiceProvider->Illuminate\\View\\{closure}(Object(Illuminate\\Foundation\\Application), Array)
#2 C:\\Users\\Izaid\\Downloads\\fincontrol-backend\\vendor\\laravel\\framework\\src\\Illuminate\\Container\\Container.php(933): Illuminate\\Container\\Container->build(Object(Closure))
#3 C:\\Users\\Izaid\\Downloads\\fincontrol-backend\\vendor\\laravel\\framework\\src\\Illuminate\\Foundation\\Application.php(1078): Illuminate\\Container\\Container->resolve('blade.compiler', Array, true)
#4 C:\\Users\\Izaid\\Downloads\\fincontrol-backend\\vendor\\laravel\\framework\\src\\Illuminate\\Container\\Container.php(864): Illuminate\\Foundation\\Application->resolve('blade.compiler', Array)
#5 C:\\Users\\Izaid\\Downloads\\fincontrol-backend\\vendor\\laravel\\framework\\src\\Illuminate\\Foundation\\Application.php(1058): Illuminate\\Container\\Container->make('blade.compiler', Array)
#6 C:\\Users\\Izaid\\Downloads\\fincontrol-backend\\vendor\\laravel\\framework\\src\\Illuminate\\Foundation\\helpers.php(138): Illuminate\\Foundation\\Application->make('blade.compiler', Array)
#7 Command line code(1): app('Illuminate\\\\View...')
#8 {main}
  thrown at C:/Users/Izaid/Downloads/fincontrol-backend/vendor/laravel/framework/src/Illuminate/View/Compilers/Compiler.php:75)
[stacktrace]
#0 {main}
"} 
[2026-08-13 04:12:26] local.ERROR: Uncaught InvalidArgumentException: Please provide a valid cache path. in C:\Users\Izaid\Downloads\fincontrol-backend\vendor\laravel\framework\src\Illuminate\View\Compilers\Compiler.php:75
Stack trace:
#0 C:\Users\Izaid\Downloads\fincontrol-backend\vendor\laravel\framework\src\Illuminate\View\ViewServiceProvider.php(97): Illuminate\View\Compilers\Compiler->__construct(Object(Illuminate\Filesystem\Filesystem), false, '', true, 'php', true)
#1 C:\Users\Izaid\Downloads\fincontrol-backend\vendor\laravel\framework\src\Illuminate\Container\Container.php(1115): Illuminate\View\ViewServiceProvider->Illuminate\View\{closure}(Object(Illuminate\Foundation\Application), Array)
#2 C:\Users\Izaid\Downloads\fincontrol-backend\vendor\laravel\framework\src\Illuminate\Container\Container.php(933): Illuminate\Container\Container->build(Object(Closure))
#3 C:\Users\Izaid\Downloads\fincontrol-backend\vendor\laravel\framework\src\Illuminate\Foundation\Application.php(1078): Illuminate\Container\Container->resolve('blade.compiler', Array, true)
#4 C:\Users\Izaid\Downloads\fincontrol-backend\vendor\laravel\framework\src\Illuminate\Container\Container.php(864): Illuminate\Foundation\Application->resolve('blade.compiler', Array)
#5 C:\Users\Izaid\Downloads\fincontrol-backend\vendor\laravel\framework\src\Illuminate\Foundation\Application.php(1058): Illuminate\Container\Container->make('blade.compiler', Array)
#6 C:\Users\Izaid\Downloads\fincontrol-backend\vendor\laravel\framework\src\Illuminate\Foundation\helpers.php(138): Illuminate\Foundation\Application->make('blade.compiler', Array)
#7 Command line code(1): app('Illuminate\\View...')
#8 {main}
  thrown {"exception":"[object] (Symfony\\Component\\ErrorHandler\\Error\\FatalError(code: 0): Uncaught InvalidArgumentException: Please provide a valid cache path. in C:\\Users\\Izaid\\Downloads\\fincontrol-backend\\vendor\\laravel\\framework\\src\\Illuminate\\View\\Compilers\\Compiler.php:75
Stack trace:
#0 C:\\Users\\Izaid\\Downloads\\fincontrol-backend\\vendor\\laravel\\framework\\src\\Illuminate\\View\\ViewServiceProvider.php(97): Illuminate\\View\\Compilers\\Compiler->__construct(Object(Illuminate\\Filesystem\\Filesystem), false, '', true, 'php', true)
#1 C:\\Users\\Izaid\\Downloads\\fincontrol-backend\\vendor\\laravel\\framework\\src\\Illuminate\\Container\\Container.php(1115): Illuminate\\View\\ViewServiceProvider->Illuminate\\View\\{closure}(Object(Illuminate\\Foundation\\Application), Array)
#2 C:\\Users\\Izaid\\Downloads\\fincontrol-backend\\vendor\\laravel\\framework\\src\\Illuminate\\Container\\Container.php(933): Illuminate\\Container\\Container->build(Object(Closure))
#3 C:\\Users\\Izaid\\Downloads\\fincontrol-backend\\vendor\\laravel\\framework\\src\\Illuminate\\Foundation\\Application.php(1078): Illuminate\\Container\\Container->resolve('blade.compiler', Array, true)
#4 C:\\Users\\Izaid\\Downloads\\fincontrol-backend\\vendor\\laravel\\framework\\src\\Illuminate\\Container\\Container.php(864): Illuminate\\Foundation\\Application->resolve('blade.compiler', Array)
#5 C:\\Users\\Izaid\\Downloads\\fincontrol-backend\\vendor\\laravel\\framework\\src\\Illuminate\\Foundation\\Application.php(1058): Illuminate\\Container\\Container->make('blade.compiler', Array)
#6 C:\\Users\\Izaid\\Downloads\\fincontrol-backend\\vendor\\laravel\\framework\\src\\Illuminate\\Foundation\\helpers.php(138): Illuminate\\Foundation\\Application->make('blade.compiler', Array)
#7 Command line code(1): app('Illuminate\\\\View...')
#8 {main}
  thrown at C:/Users/Izaid/Downloads/fincontrol-backend/vendor/laravel/framework/src/Illuminate/View/Compilers/Compiler.php:75)
[stacktrace]
#0 {main}
"} 
[2026-08-13 04:41:44] local.ERROR: Uncaught InvalidArgumentException: Please provide a valid cache path. in C:\Users\Izaid\Downloads\fincontrol-backend\vendor\laravel\framework\src\Illuminate\View\Compilers\Compiler.php:75
Stack trace:
#0 C:\Users\Izaid\Downloads\fincontrol-backend\vendor\laravel\framework\src\Illuminate\View\ViewServiceProvider.php(97): Illuminate\View\Compilers\Compiler->__construct(Object(Illuminate\Filesystem\Filesystem), false, '', true, 'php', true)
#1 C:\Users\Izaid\Downloads\fincontrol-backend\vendor\laravel\framework\src\Illuminate\Container\Container.php(1115): Illuminate\View\ViewServiceProvider->Illuminate\View\{closure}(Object(Illuminate\Foundation\Application), Array)
#2 C:\Users\Izaid\Downloads\fincontrol-backend\vendor\laravel\framework\src\Illuminate\Container\Container.php(933): Illuminate\Container\Container->build(Object(Closure))
#3 C:\Users\Izaid\Downloads\fincontrol-backend\vendor\laravel\framework\src\Illuminate\Foundation\Application.php(1078): Illuminate\Container\Container->resolve('blade.compiler', Array, true)
#4 C:\Users\Izaid\Downloads\fincontrol-backend\vendor\laravel\framework\src\Illuminate\Container\Container.php(864): Illuminate\Foundation\Application->resolve('blade.compiler', Array)
#5 C:\Users\Izaid\Downloads\fincontrol-backend\vendor\laravel\framework\src\Illuminate\Foundation\Application.php(1058): Illuminate\Container\Container->make('blade.compiler', Array)
#6 C:\Users\Izaid\Downloads\fincontrol-backend\vendor\laravel\framework\src\Illuminate\Foundation\helpers.php(138): Illuminate\Foundation\Application->make('blade.compiler', Array)
#7 Command line code(1): app('Illuminate\\View...')
#8 {main}
  thrown {"exception":"[object] (Symfony\\Component\\ErrorHandler\\Error\\FatalError(code: 0): Uncaught InvalidArgumentException: Please provide a valid cache path. in C:\\Users\\Izaid\\Downloads\\fincontrol-backend\\vendor\\laravel\\framework\\src\\Illuminate\\View\\Compilers\\Compiler.php:75
Stack trace:
#0 C:\\Users\\Izaid\\Downloads\\fincontrol-backend\\vendor\\laravel\\framework\\src\\Illuminate\\View\\ViewServiceProvider.php(97): Illuminate\\View\\Compilers\\Compiler->__construct(Object(Illuminate\\Filesystem\\Filesystem), false, '', true, 'php', true)
#1 C:\\Users\\Izaid\\Downloads\\fincontrol-backend\\vendor\\laravel\\framework\\src\\Illuminate\\Container\\Container.php(1115): Illuminate\\View\\ViewServiceProvider->Illuminate\\View\\{closure}(Object(Illuminate\\Foundation\\Application), Array)
#2 C:\\Users\\Izaid\\Downloads\\fincontrol-backend\\vendor\\laravel\\framework\\src\\Illuminate\\Container\\Container.php(933): Illuminate\\Container\\Container->build(Object(Closure))
#3 C:\\Users\\Izaid\\Downloads\\fincontrol-backend\\vendor\\laravel\\framework\\src\\Illuminate\\Foundation\\Application.php(1078): Illuminate\\Container\\Container->resolve('blade.compiler', Array, true)
#4 C:\\Users\\Izaid\\Downloads\\fincontrol-backend\\vendor\\laravel\\framework\\src\\Illuminate\\Container\\Container.php(864): Illuminate\\Foundation\\Application->resolve('blade.compiler', Array)
#5 C:\\Users\\Izaid\\Downloads\\fincontrol-backend\\vendor\\laravel\\framework\\src\\Illuminate\\Foundation\\Application.php(1058): Illuminate\\Container\\Container->make('blade.compiler', Array)
#6 C:\\Users\\Izaid\\Downloads\\fincontrol-backend\\vendor\\laravel\\framework\\src\\Illuminate\\Foundation\\helpers.php(138): Illuminate\\Foundation\\Application->make('blade.compiler', Array)
#7 Command line code(1): app('Illuminate\\\\View...')
#8 {main}
  thrown at C:/Users/Izaid/Downloads/fincontrol-backend/vendor/laravel/framework/src/Illuminate/View/Compilers/Compiler.php:75)
[stacktrace]
#0 {main}
"} 
[2026-08-13 04:51:43] local.ERROR: Uncaught InvalidArgumentException: Please provide a valid cache path. in C:\Users\Izaid\Downloads\fincontrol-backend\vendor\laravel\framework\src\Illuminate\View\Compilers\Compiler.php:75
Stack trace:
#0 C:\Users\Izaid\Downloads\fincontrol-backend\vendor\laravel\framework\src\Illuminate\View\ViewServiceProvider.php(97): Illuminate\View\Compilers\Compiler->__construct(Object(Illuminate\Filesystem\Filesystem), false, '', true, 'php', true)
#1 C:\Users\Izaid\Downloads\fincontrol-backend\vendor\laravel\framework\src\Illuminate\Container\Container.php(1115): Illuminate\View\ViewServiceProvider->Illuminate\View\{closure}(Object(Illuminate\Foundation\Application), Array)
#2 C:\Users\Izaid\Downloads\fincontrol-backend\vendor\laravel\framework\src\Illuminate\Container\Container.php(933): Illuminate\Container\Container->build(Object(Closure))
#3 C:\Users\Izaid\Downloads\fincontrol-backend\vendor\laravel\framework\src\Illuminate\Foundation\Application.php(1078): Illuminate\Container\Container->resolve('blade.compiler', Array, true)
#4 C:\Users\Izaid\Downloads\fincontrol-backend\vendor\laravel\framework\src\Illuminate\Container\Container.php(864): Illuminate\Foundation\Application->resolve('blade.compiler', Array)
#5 C:\Users\Izaid\Downloads\fincontrol-backend\vendor\laravel\framework\src\Illuminate\Foundation\Application.php(1058): Illuminate\Container\Container->make('blade.compiler', Array)
#6 C:\Users\Izaid\Downloads\fincontrol-backend\vendor\laravel\framework\src\Illuminate\Foundation\helpers.php(138): Illuminate\Foundation\Application->make('blade.compiler', Array)
#7 Command line code(1): app('Illuminate\\View...')
#8 {main}
  thrown {"exception":"[object] (Symfony\\Component\\ErrorHandler\\Error\\FatalError(code: 0): Uncaught InvalidArgumentException: Please provide a valid cache path. in C:\\Users\\Izaid\\Downloads\\fincontrol-backend\\vendor\\laravel\\framework\\src\\Illuminate\\View\\Compilers\\Compiler.php:75
Stack trace:
#0 C:\\Users\\Izaid\\Downloads\\fincontrol-backend\\vendor\\laravel\\framework\\src\\Illuminate\\View\\ViewServiceProvider.php(97): Illuminate\\View\\Compilers\\Compiler->__construct(Object(Illuminate\\Filesystem\\Filesystem), false, '', true, 'php', true)
#1 C:\\Users\\Izaid\\Downloads\\fincontrol-backend\\vendor\\laravel\\framework\\src\\Illuminate\\Container\\Container.php(1115): Illuminate\\View\\ViewServiceProvider->Illuminate\\View\\{closure}(Object(Illuminate\\Foundation\\Application), Array)
#2 C:\\Users\\Izaid\\Downloads\\fincontrol-backend\\vendor\\laravel\\framework\\src\\Illuminate\\Container\\Container.php(933): Illuminate\\Container\\Container->build(Object(Closure))
#3 C:\\Users\\Izaid\\Downloads\\fincontrol-backend\\vendor\\laravel\\framework\\src\\Illuminate\\Foundation\\Application.php(1078): Illuminate\\Container\\Container->resolve('blade.compiler', Array, true)
#4 C:\\Users\\Izaid\\Downloads\\fincontrol-backend\\vendor\\laravel\\framework\\src\\Illuminate\\Container\\Container.php(864): Illuminate\\Foundation\\Application->resolve('blade.compiler', Array)
#5 C:\\Users\\Izaid\\Downloads\\fincontrol-backend\\vendor\\laravel\\framework\\src\\Illuminate\\Foundation\\Application.php(1058): Illuminate\\Container\\Container->make('blade.compiler', Array)
#6 C:\\Users\\Izaid\\Downloads\\fincontrol-backend\\vendor\\laravel\\framework\\src\\Illuminate\\Foundation\\helpers.php(138): Illuminate\\Foundation\\Application->make('blade.compiler', Array)
#7 Command line code(1): app('Illuminate\\\\View...')
#8 {main}
  thrown at C:/Users/Izaid/Downloads/fincontrol-backend/vendor/laravel/framework/src/Illuminate/View/Compilers/Compiler.php:75)
[stacktrace]
#0 {main}
"} 
[2026-08-13 05:01:43] local.ERROR: Uncaught InvalidArgumentException: Please provide a valid cache path. in C:\Users\Izaid\Downloads\fincontrol-backend\vendor\laravel\framework\src\Illuminate\View\Compilers\Compiler.php:75
Stack trace:
#0 C:\Users\Izaid\Downloads\fincontrol-backend\vendor\laravel\framework\src\Illuminate\View\ViewServiceProvider.php(97): Illuminate\View\Compilers\Compiler->__construct(Object(Illuminate\Filesystem\Filesystem), false, '', true, 'php', true)
#1 C:\Users\Izaid\Downloads\fincontrol-backend\vendor\laravel\framework\src\Illuminate\Container\Container.php(1115): Illuminate\View\ViewServiceProvider->Illuminate\View\{closure}(Object(Illuminate\Foundation\Application), Array)
#2 C:\Users\Izaid\Downloads\fincontrol-backend\vendor\laravel\framework\src\Illuminate\Container\Container.php(933): Illuminate\Container\Container->build(Object(Closure))
#3 C:\Users\Izaid\Downloads\fincontrol-backend\vendor\laravel\framework\src\Illuminate\Foundation\Application.php(1078): Illuminate\Container\Container->resolve('blade.compiler', Array, true)
#4 C:\Users\Izaid\Downloads\fincontrol-backend\vendor\laravel\framework\src\Illuminate\Container\Container.php(864): Illuminate\Foundation\Application->resolve('blade.compiler', Array)
#5 C:\Users\Izaid\Downloads\fincontrol-backend\vendor\laravel\framework\src\Illuminate\Foundation\Application.php(1058): Illuminate\Container\Container->make('blade.compiler', Array)
#6 C:\Users\Izaid\Downloads\fincontrol-backend\vendor\laravel\framework\src\Illuminate\Foundation\helpers.php(138): Illuminate\Foundation\Application->make('blade.compiler', Array)
#7 Command line code(1): app('Illuminate\\View...')
#8 {main}
  thrown {"exception":"[object] (Symfony\\Component\\ErrorHandler\\Error\\FatalError(code: 0): Uncaught InvalidArgumentException: Please provide a valid cache path. in C:\\Users\\Izaid\\Downloads\\fincontrol-backend\\vendor\\laravel\\framework\\src\\Illuminate\\View\\Compilers\\Compiler.php:75
Stack trace:
#0 C:\\Users\\Izaid\\Downloads\\fincontrol-backend\\vendor\\laravel\\framework\\src\\Illuminate\\View\\ViewServiceProvider.php(97): Illuminate\\View\\Compilers\\Compiler->__construct(Object(Illuminate\\Filesystem\\Filesystem), false, '', true, 'php', true)
#1 C:\\Users\\Izaid\\Downloads\\fincontrol-backend\\vendor\\laravel\\framework\\src\\Illuminate\\Container\\Container.php(1115): Illuminate\\View\\ViewServiceProvider->Illuminate\\View\\{closure}(Object(Illuminate\\Foundation\\Application), Array)
#2 C:\\Users\\Izaid\\Downloads\\fincontrol-backend\\vendor\\laravel\\framework\\src\\Illuminate\\Container\\Container.php(933): Illuminate\\Container\\Container->build(Object(Closure))
#3 C:\\Users\\Izaid\\Downloads\\fincontrol-backend\\vendor\\laravel\\framework\\src\\Illuminate\\Foundation\\Application.php(1078): Illuminate\\Container\\Container->resolve('blade.compiler', Array, true)
#4 C:\\Users\\Izaid\\Downloads\\fincontrol-backend\\vendor\\laravel\\framework\\src\\Illuminate\\Container\\Container.php(864): Illuminate\\Foundation\\Application->resolve('blade.compiler', Array)
#5 C:\\Users\\Izaid\\Downloads\\fincontrol-backend\\vendor\\laravel\\framework\\src\\Illuminate\\Foundation\\Application.php(1058): Illuminate\\Container\\Container->make('blade.compiler', Array)
#6 C:\\Users\\Izaid\\Downloads\\fincontrol-backend\\vendor\\laravel\\framework\\src\\Illuminate\\Foundation\\helpers.php(138): Illuminate\\Foundation\\Application->make('blade.compiler', Array)
#7 Command line code(1): app('Illuminate\\\\View...')
#8 {main}
  thrown at C:/Users/Izaid/Downloads/fincontrol-backend/vendor/laravel/framework/src/Illuminate/View/Compilers/Compiler.php:75)
[stacktrace]
#0 {main}
"} 
[2026-08-13 05:11:43] local.ERROR: Uncaught InvalidArgumentException: Please provide a valid cache path. in C:\Users\Izaid\Downloads\fincontrol-backend\vendor\laravel\framework\src\Illuminate\View\Compilers\Compiler.php:75
Stack trace:
#0 C:\Users\Izaid\Downloads\fincontrol-backend\vendor\laravel\framework\src\Illuminate\View\ViewServiceProvider.php(97): Illuminate\View\Compilers\Compiler->__construct(Object(Illuminate\Filesystem\Filesystem), false, '', true, 'php', true)
#1 C:\Users\Izaid\Downloads\fincontrol-backend\vendor\laravel\framework\src\Illuminate\Container\Container.php(1115): Illuminate\View\ViewServiceProvider->Illuminate\View\{closure}(Object(Illuminate\Foundation\Application), Array)
#2 C:\Users\Izaid\Downloads\fincontrol-backend\vendor\laravel\framework\src\Illuminate\Container\Container.php(933): Illuminate\Container\Container->build(Object(Closure))
#3 C:\Users\Izaid\Downloads\fincontrol-backend\vendor\laravel\framework\src\Illuminate\Foundation\Application.php(1078): Illuminate\Container\Container->resolve('blade.compiler', Array, true)
#4 C:\Users\Izaid\Downloads\fincontrol-backend\vendor\laravel\framework\src\Illuminate\Container\Container.php(864): Illuminate\Foundation\Application->resolve('blade.compiler', Array)
#5 C:\Users\Izaid\Downloads\fincontrol-backend\vendor\laravel\framework\src\Illuminate\Foundation\Application.php(1058): Illuminate\Container\Container->make('blade.compiler', Array)
#6 C:\Users\Izaid\Downloads\fincontrol-backend\vendor\laravel\framework\src\Illuminate\Foundation\helpers.php(138): Illuminate\Foundation\Application->make('blade.compiler', Array)
#7 Command line code(1): app('Illuminate\\View...')
#8 {main}
  thrown {"exception":"[object] (Symfony\\Component\\ErrorHandler\\Error\\FatalError(code: 0): Uncaught InvalidArgumentException: Please provide a valid cache path. in C:\\Users\\Izaid\\Downloads\\fincontrol-backend\\vendor\\laravel\\framework\\src\\Illuminate\\View\\Compilers\\Compiler.php:75
Stack trace:
#0 C:\\Users\\Izaid\\Downloads\\fincontrol-backend\\vendor\\laravel\\framework\\src\\Illuminate\\View\\ViewServiceProvider.php(97): Illuminate\\View\\Compilers\\Compiler->__construct(Object(Illuminate\\Filesystem\\Filesystem), false, '', true, 'php', true)
#1 C:\\Users\\Izaid\\Downloads\\fincontrol-backend\\vendor\\laravel\\framework\\src\\Illuminate\\Container\\Container.php(1115): Illuminate\\View\\ViewServiceProvider->Illuminate\\View\\{closure}(Object(Illuminate\\Foundation\\Application), Array)
#2 C:\\Users\\Izaid\\Downloads\\fincontrol-backend\\vendor\\laravel\\framework\\src\\Illuminate\\Container\\Container.php(933): Illuminate\\Container\\Container->build(Object(Closure))
#3 C:\\Users\\Izaid\\Downloads\\fincontrol-backend\\vendor\\laravel\\framework\\src\\Illuminate\\Foundation\\Application.php(1078): Illuminate\\Container\\Container->resolve('blade.compiler', Array, true)
#4 C:\\Users\\Izaid\\Downloads\\fincontrol-backend\\vendor\\laravel\\framework\\src\\Illuminate\\Container\\Container.php(864): Illuminate\\Foundation\\Application->resolve('blade.compiler', Array)
#5 C:\\Users\\Izaid\\Downloads\\fincontrol-backend\\vendor\\laravel\\framework\\src\\Illuminate\\Foundation\\Application.php(1058): Illuminate\\Container\\Container->make('blade.compiler', Array)
#6 C:\\Users\\Izaid\\Downloads\\fincontrol-backend\\vendor\\laravel\\framework\\src\\Illuminate\\Foundation\\helpers.php(138): Illuminate\\Foundation\\Application->make('blade.compiler', Array)
#7 Command line code(1): app('Illuminate\\\\View...')
#8 {main}
  thrown at C:/Users/Izaid/Downloads/fincontrol-backend/vendor/laravel/framework/src/Illuminate/View/Compilers/Compiler.php:75)
[stacktrace]
#0 {main}
"} 
[2026-08-13 05:21:43] local.ERROR: Uncaught InvalidArgumentException: Please provide a valid cache path. in C:\Users\Izaid\Downloads\fincontrol-backend\vendor\laravel\framework\src\Illuminate\View\Compilers\Compiler.php:75
Stack trace:
#0 C:\Users\Izaid\Downloads\fincontrol-backend\vendor\laravel\framework\src\Illuminate\View\ViewServiceProvider.php(97): Illuminate\View\Compilers\Compiler->__construct(Object(Illuminate\Filesystem\Filesystem), false, '', true, 'php', true)
#1 C:\Users\Izaid\Downloads\fincontrol-backend\vendor\laravel\framework\src\Illuminate\Container\Container.php(1115): Illuminate\View\ViewServiceProvider->Illuminate\View\{closure}(Object(Illuminate\Foundation\Application), Array)
#2 C:\Users\Izaid\Downloads\fincontrol-backend\vendor\laravel\framework\src\Illuminate\Container\Container.php(933): Illuminate\Container\Container->build(Object(Closure))
#3 C:\Users\Izaid\Downloads\fincontrol-backend\vendor\laravel\framework\src\Illuminate\Foundation\Application.php(1078): Illuminate\Container\Container->resolve('blade.compiler', Array, true)
#4 C:\Users\Izaid\Downloads\fincontrol-backend\vendor\laravel\framework\src\Illuminate\Container\Container.php(864): Illuminate\Foundation\Application->resolve('blade.compiler', Array)
#5 C:\Users\Izaid\Downloads\fincontrol-backend\vendor\laravel\framework\src\Illuminate\Foundation\Application.php(1058): Illuminate\Container\Container->make('blade.compiler', Array)
#6 C:\Users\Izaid\Downloads\fincontrol-backend\vendor\laravel\framework\src\Illuminate\Foundation\helpers.php(138): Illuminate\Foundation\Application->make('blade.compiler', Array)
#7 Command line code(1): app('Illuminate\\View...')
#8 {main}
  thrown {"exception":"[object] (Symfony\\Component\\ErrorHandler\\Error\\FatalError(code: 0): Uncaught InvalidArgumentException: Please provide a valid cache path. in C:\\Users\\Izaid\\Downloads\\fincontrol-backend\\vendor\\laravel\\framework\\src\\Illuminate\\View\\Compilers\\Compiler.php:75
Stack trace:
#0 C:\\Users\\Izaid\\Downloads\\fincontrol-backend\\vendor\\laravel\\framework\\src\\Illuminate\\View\\ViewServiceProvider.php(97): Illuminate\\View\\Compilers\\Compiler->__construct(Object(Illuminate\\Filesystem\\Filesystem), false, '', true, 'php', true)
#1 C:\\Users\\Izaid\\Downloads\\fincontrol-backend\\vendor\\laravel\\framework\\src\\Illuminate\\Container\\Container.php(1115): Illuminate\\View\\ViewServiceProvider->Illuminate\\View\\{closure}(Object(Illuminate\\Foundation\\Application), Array)
#2 C:\\Users\\Izaid\\Downloads\\fincontrol-backend\\vendor\\laravel\\framework\\src\\Illuminate\\Container\\Container.php(933): Illuminate\\Container\\Container->build(Object(Closure))
#3 C:\\Users\\Izaid\\Downloads\\fincontrol-backend\\vendor\\laravel\\framework\\src\\Illuminate\\Foundation\\Application.php(1078): Illuminate\\Container\\Container->resolve('blade.compiler', Array, true)
#4 C:\\Users\\Izaid\\Downloads\\fincontrol-backend\\vendor\\laravel\\framework\\src\\Illuminate\\Container\\Container.php(864): Illuminate\\Foundation\\Application->resolve('blade.compiler', Array)
#5 C:\\Users\\Izaid\\Downloads\\fincontrol-backend\\vendor\\laravel\\framework\\src\\Illuminate\\Foundation\\Application.php(1058): Illuminate\\Container\\Container->make('blade.compiler', Array)
#6 C:\\Users\\Izaid\\Downloads\\fincontrol-backend\\vendor\\laravel\\framework\\src\\Illuminate\\Foundation\\helpers.php(138): Illuminate\\Foundation\\Application->make('blade.compiler', Array)
#7 Command line code(1): app('Illuminate\\\\View...')
#8 {main}
  thrown at C:/Users/Izaid/Downloads/fincontrol-backend/vendor/laravel/framework/src/Illuminate/View/Compilers/Compiler.php:75)
[stacktrace]
#0 {main}
"} 
[2026-08-13 05:31:43] local.ERROR: Uncaught InvalidArgumentException: Please provide a valid cache path. in C:\Users\Izaid\Downloads\fincontrol-backend\vendor\laravel\framework\src\Illuminate\View\Compilers\Compiler.php:75
Stack trace:
#0 C:\Users\Izaid\Downloads\fincontrol-backend\vendor\laravel\framework\src\Illuminate\View\ViewServiceProvider.php(97): Illuminate\View\Compilers\Compiler->__construct(Object(Illuminate\Filesystem\Filesystem), false, '', true, 'php', true)
#1 C:\Users\Izaid\Downloads\fincontrol-backend\vendor\laravel\framework\src\Illuminate\Container\Container.php(1115): Illuminate\View\ViewServiceProvider->Illuminate\View\{closure}(Object(Illuminate\Foundation\Application), Array)
#2 C:\Users\Izaid\Downloads\fincontrol-backend\vendor\laravel\framework\src\Illuminate\Container\Container.php(933): Illuminate\Container\Container->build(Object(Closure))
#3 C:\Users\Izaid\Downloads\fincontrol-backend\vendor\laravel\framework\src\Illuminate\Foundation\Application.php(1078): Illuminate\Container\Container->resolve('blade.compiler', Array, true)
#4 C:\Users\Izaid\Downloads\fincontrol-backend\vendor\laravel\framework\src\Illuminate\Container\Container.php(864): Illuminate\Foundation\Application->resolve('blade.compiler', Array)
#5 C:\Users\Izaid\Downloads\fincontrol-backend\vendor\laravel\framework\src\Illuminate\Foundation\Application.php(1058): Illuminate\Container\Container->make('blade.compiler', Array)
#6 C:\Users\Izaid\Downloads\fincontrol-backend\vendor\laravel\framework\src\Illuminate\Foundation\helpers.php(138): Illuminate\Foundation\Application->make('blade.compiler', Array)
#7 Command line code(1): app('Illuminate\\View...')
#8 {main}
  thrown {"exception":"[object] (Symfony\\Component\\ErrorHandler\\Error\\FatalError(code: 0): Uncaught InvalidArgumentException: Please provide a valid cache path. in C:\\Users\\Izaid\\Downloads\\fincontrol-backend\\vendor\\laravel\\framework\\src\\Illuminate\\View\\Compilers\\Compiler.php:75
Stack trace:
#0 C:\\Users\\Izaid\\Downloads\\fincontrol-backend\\vendor\\laravel\\framework\\src\\Illuminate\\View\\ViewServiceProvider.php(97): Illuminate\\View\\Compilers\\Compiler->__construct(Object(Illuminate\\Filesystem\\Filesystem), false, '', true, 'php', true)
#1 C:\\Users\\Izaid\\Downloads\\fincontrol-backend\\vendor\\laravel\\framework\\src\\Illuminate\\Container\\Container.php(1115): Illuminate\\View\\ViewServiceProvider->Illuminate\\View\\{closure}(Object(Illuminate\\Foundation\\Application), Array)
#2 C:\\Users\\Izaid\\Downloads\\fincontrol-backend\\vendor\\laravel\\framework\\src\\Illuminate\\Container\\Container.php(933): Illuminate\\Container\\Container->build(Object(Closure))
#3 C:\\Users\\Izaid\\Downloads\\fincontrol-backend\\vendor\\laravel\\framework\\src\\Illuminate\\Foundation\\Application.php(1078): Illuminate\\Container\\Container->resolve('blade.compiler', Array, true)
#4 C:\\Users\\Izaid\\Downloads\\fincontrol-backend\\vendor\\laravel\\framework\\src\\Illuminate\\Container\\Container.php(864): Illuminate\\Foundation\\Application->resolve('blade.compiler', Array)
#5 C:\\Users\\Izaid\\Downloads\\fincontrol-backend\\vendor\\laravel\\framework\\src\\Illuminate\\Foundation\\Application.php(1058): Illuminate\\Container\\Container->make('blade.compiler', Array)
#6 C:\\Users\\Izaid\\Downloads\\fincontrol-backend\\vendor\\laravel\\framework\\src\\Illuminate\\Foundation\\helpers.php(138): Illuminate\\Foundation\\Application->make('blade.compiler', Array)
#7 Command line code(1): app('Illuminate\\\\View...')
#8 {main}
  thrown at C:/Users/Izaid/Downloads/fincontrol-backend/vendor/laravel/framework/src/Illuminate/View/Compilers/Compiler.php:75)
[stacktrace]
#0 {main}
"} 
[2026-08-13 05:41:43] local.ERROR: Uncaught InvalidArgumentException: Please provide a valid cache path. in C:\Users\Izaid\Downloads\fincontrol-backend\vendor\laravel\framework\src\Illuminate\View\Compilers\Compiler.php:75
Stack trace:
#0 C:\Users\Izaid\Downloads\fincontrol-backend\vendor\laravel\framework\src\Illuminate\View\ViewServiceProvider.php(97): Illuminate\View\Compilers\Compiler->__construct(Object(Illuminate\Filesystem\Filesystem), false, '', true, 'php', true)
#1 C:\Users\Izaid\Downloads\fincontrol-backend\vendor\laravel\framework\src\Illuminate\Container\Container.php(1115): Illuminate\View\ViewServiceProvider->Illuminate\View\{closure}(Object(Illuminate\Foundation\Application), Array)
#2 C:\Users\Izaid\Downloads\fincontrol-backend\vendor\laravel\framework\src\Illuminate\Container\Container.php(933): Illuminate\Container\Container->build(Object(Closure))
#3 C:\Users\Izaid\Downloads\fincontrol-backend\vendor\laravel\framework\src\Illuminate\Foundation\Application.php(1078): Illuminate\Container\Container->resolve('blade.compiler', Array, true)
#4 C:\Users\Izaid\Downloads\fincontrol-backend\vendor\laravel\framework\src\Illuminate\Container\Container.php(864): Illuminate\Foundation\Application->resolve('blade.compiler', Array)
#5 C:\Users\Izaid\Downloads\fincontrol-backend\vendor\laravel\framework\src\Illuminate\Foundation\Application.php(1058): Illuminate\Container\Container->make('blade.compiler', Array)
#6 C:\Users\Izaid\Downloads\fincontrol-backend\vendor\laravel\framework\src\Illuminate\Foundation\helpers.php(138): Illuminate\Foundation\Application->make('blade.compiler', Array)
#7 Command line code(1): app('Illuminate\\View...')
#8 {main}
  thrown {"exception":"[object] (Symfony\\Component\\ErrorHandler\\Error\\FatalError(code: 0): Uncaught InvalidArgumentException: Please provide a valid cache path. in C:\\Users\\Izaid\\Downloads\\fincontrol-backend\\vendor\\laravel\\framework\\src\\Illuminate\\View\\Compilers\\Compiler.php:75
Stack trace:
#0 C:\\Users\\Izaid\\Downloads\\fincontrol-backend\\vendor\\laravel\\framework\\src\\Illuminate\\View\\ViewServiceProvider.php(97): Illuminate\\View\\Compilers\\Compiler->__construct(Object(Illuminate\\Filesystem\\Filesystem), false, '', true, 'php', true)
#1 C:\\Users\\Izaid\\Downloads\\fincontrol-backend\\vendor\\laravel\\framework\\src\\Illuminate\\Container\\Container.php(1115): Illuminate\\View\\ViewServiceProvider->Illuminate\\View\\{closure}(Object(Illuminate\\Foundation\\Application), Array)
#2 C:\\Users\\Izaid\\Downloads\\fincontrol-backend\\vendor\\laravel\\framework\\src\\Illuminate\\Container\\Container.php(933): Illuminate\\Container\\Container->build(Object(Closure))
#3 C:\\Users\\Izaid\\Downloads\\fincontrol-backend\\vendor\\laravel\\framework\\src\\Illuminate\\Foundation\\Application.php(1078): Illuminate\\Container\\Container->resolve('blade.compiler', Array, true)
#4 C:\\Users\\Izaid\\Downloads\\fincontrol-backend\\vendor\\laravel\\framework\\src\\Illuminate\\Container\\Container.php(864): Illuminate\\Foundation\\Application->resolve('blade.compiler', Array)
#5 C:\\Users\\Izaid\\Downloads\\fincontrol-backend\\vendor\\laravel\\framework\\src\\Illuminate\\Foundation\\Application.php(1058): Illuminate\\Container\\Container->make('blade.compiler', Array)
#6 C:\\Users\\Izaid\\Downloads\\fincontrol-backend\\vendor\\laravel\\framework\\src\\Illuminate\\Foundation\\helpers.php(138): Illuminate\\Foundation\\Application->make('blade.compiler', Array)
#7 Command line code(1): app('Illuminate\\\\View...')
#8 {main}
  thrown at C:/Users/Izaid/Downloads/fincontrol-backend/vendor/laravel/framework/src/Illuminate/View/Compilers/Compiler.php:75)
[stacktrace]
#0 {main}
"} 
[2026-08-13 05:51:43] local.ERROR: Uncaught InvalidArgumentException: Please provide a valid cache path. in C:\Users\Izaid\Downloads\fincontrol-backend\vendor\laravel\framework\src\Illuminate\View\Compilers\Compiler.php:75
Stack trace:
#0 C:\Users\Izaid\Downloads\fincontrol-backend\vendor\laravel\framework\src\Illuminate\View\ViewServiceProvider.php(97): Illuminate\View\Compilers\Compiler->__construct(Object(Illuminate\Filesystem\Filesystem), false, '', true, 'php', true)
#1 C:\Users\Izaid\Downloads\fincontrol-backend\vendor\laravel\framework\src\Illuminate\Container\Container.php(1115): Illuminate\View\ViewServiceProvider->Illuminate\View\{closure}(Object(Illuminate\Foundation\Application), Array)
#2 C:\Users\Izaid\Downloads\fincontrol-backend\vendor\laravel\framework\src\Illuminate\Container\Container.php(933): Illuminate\Container\Container->build(Object(Closure))
#3 C:\Users\Izaid\Downloads\fincontrol-backend\vendor\laravel\framework\src\Illuminate\Foundation\Application.php(1078): Illuminate\Container\Container->resolve('blade.compiler', Array, true)
#4 C:\Users\Izaid\Downloads\fincontrol-backend\vendor\laravel\framework\src\Illuminate\Container\Container.php(864): Illuminate\Foundation\Application->resolve('blade.compiler', Array)
#5 C:\Users\Izaid\Downloads\fincontrol-backend\vendor\laravel\framework\src\Illuminate\Foundation\Application.php(1058): Illuminate\Container\Container->make('blade.compiler', Array)
#6 C:\Users\Izaid\Downloads\fincontrol-backend\vendor\laravel\framework\src\Illuminate\Foundation\helpers.php(138): Illuminate\Foundation\Application->make('blade.compiler', Array)
#7 Command line code(1): app('Illuminate\\View...')
#8 {main}
  thrown {"exception":"[object] (Symfony\\Component\\ErrorHandler\\Error\\FatalError(code: 0): Uncaught InvalidArgumentException: Please provide a valid cache path. in C:\\Users\\Izaid\\Downloads\\fincontrol-backend\\vendor\\laravel\\framework\\src\\Illuminate\\View\\Compilers\\Compiler.php:75
Stack trace:
#0 C:\\Users\\Izaid\\Downloads\\fincontrol-backend\\vendor\\laravel\\framework\\src\\Illuminate\\View\\ViewServiceProvider.php(97): Illuminate\\View\\Compilers\\Compiler->__construct(Object(Illuminate\\Filesystem\\Filesystem), false, '', true, 'php', true)
#1 C:\\Users\\Izaid\\Downloads\\fincontrol-backend\\vendor\\laravel\\framework\\src\\Illuminate\\Container\\Container.php(1115): Illuminate\\View\\ViewServiceProvider->Illuminate\\View\\{closure}(Object(Illuminate\\Foundation\\Application), Array)
#2 C:\\Users\\Izaid\\Downloads\\fincontrol-backend\\vendor\\laravel\\framework\\src\\Illuminate\\Container\\Container.php(933): Illuminate\\Container\\Container->build(Object(Closure))
#3 C:\\Users\\Izaid\\Downloads\\fincontrol-backend\\vendor\\laravel\\framework\\src\\Illuminate\\Foundation\\Application.php(1078): Illuminate\\Container\\Container->resolve('blade.compiler', Array, true)
#4 C:\\Users\\Izaid\\Downloads\\fincontrol-backend\\vendor\\laravel\\framework\\src\\Illuminate\\Container\\Container.php(864): Illuminate\\Foundation\\Application->resolve('blade.compiler', Array)
#5 C:\\Users\\Izaid\\Downloads\\fincontrol-backend\\vendor\\laravel\\framework\\src\\Illuminate\\Foundation\\Application.php(1058): Illuminate\\Container\\Container->make('blade.compiler', Array)
#6 C:\\Users\\Izaid\\Downloads\\fincontrol-backend\\vendor\\laravel\\framework\\src\\Illuminate\\Foundation\\helpers.php(138): Illuminate\\Foundation\\Application->make('blade.compiler', Array)
#7 Command line code(1): app('Illuminate\\\\View...')
#8 {main}
  thrown at C:/Users/Izaid/Downloads/fincontrol-backend/vendor/laravel/framework/src/Illuminate/View/Compilers/Compiler.php:75)
[stacktrace]
#0 {main}
"} 
[2026-08-13 06:01:43] local.ERROR: Uncaught InvalidArgumentException: Please provide a valid cache path. in C:\Users\Izaid\Downloads\fincontrol-backend\vendor\laravel\framework\src\Illuminate\View\Compilers\Compiler.php:75
Stack trace:
#0 C:\Users\Izaid\Downloads\fincontrol-backend\vendor\laravel\framework\src\Illuminate\View\ViewServiceProvider.php(97): Illuminate\View\Compilers\Compiler->__construct(Object(Illuminate\Filesystem\Filesystem), false, '', true, 'php', true)
#1 C:\Users\Izaid\Downloads\fincontrol-backend\vendor\laravel\framework\src\Illuminate\Container\Container.php(1115): Illuminate\View\ViewServiceProvider->Illuminate\View\{closure}(Object(Illuminate\Foundation\Application), Array)
#2 C:\Users\Izaid\Downloads\fincontrol-backend\vendor\laravel\framework\src\Illuminate\Container\Container.php(933): Illuminate\Container\Container->build(Object(Closure))
#3 C:\Users\Izaid\Downloads\fincontrol-backend\vendor\laravel\framework\src\Illuminate\Foundation\Application.php(1078): Illuminate\Container\Container->resolve('blade.compiler', Array, true)
#4 C:\Users\Izaid\Downloads\fincontrol-backend\vendor\laravel\framework\src\Illuminate\Container\Container.php(864): Illuminate\Foundation\Application->resolve('blade.compiler', Array)
#5 C:\Users\Izaid\Downloads\fincontrol-backend\vendor\laravel\framework\src\Illuminate\Foundation\Application.php(1058): Illuminate\Container\Container->make('blade.compiler', Array)
#6 C:\Users\Izaid\Downloads\fincontrol-backend\vendor\laravel\framework\src\Illuminate\Foundation\helpers.php(138): Illuminate\Foundation\Application->make('blade.compiler', Array)
#7 Command line code(1): app('Illuminate\\View...')
#8 {main}
  thrown {"exception":"[object] (Symfony\\Component\\ErrorHandler\\Error\\FatalError(code: 0): Uncaught InvalidArgumentException: Please provide a valid cache path. in C:\\Users\\Izaid\\Downloads\\fincontrol-backend\\vendor\\laravel\\framework\\src\\Illuminate\\View\\Compilers\\Compiler.php:75
Stack trace:
#0 C:\\Users\\Izaid\\Downloads\\fincontrol-backend\\vendor\\laravel\\framework\\src\\Illuminate\\View\\ViewServiceProvider.php(97): Illuminate\\View\\Compilers\\Compiler->__construct(Object(Illuminate\\Filesystem\\Filesystem), false, '', true, 'php', true)
#1 C:\\Users\\Izaid\\Downloads\\fincontrol-backend\\vendor\\laravel\\framework\\src\\Illuminate\\Container\\Container.php(1115): Illuminate\\View\\ViewServiceProvider->Illuminate\\View\\{closure}(Object(Illuminate\\Foundation\\Application), Array)
#2 C:\\Users\\Izaid\\Downloads\\fincontrol-backend\\vendor\\laravel\\framework\\src\\Illuminate\\Container\\Container.php(933): Illuminate\\Container\\Container->build(Object(Closure))
#3 C:\\Users\\Izaid\\Downloads\\fincontrol-backend\\vendor\\laravel\\framework\\src\\Illuminate\\Foundation\\Application.php(1078): Illuminate\\Container\\Container->resolve('blade.compiler', Array, true)
#4 C:\\Users\\Izaid\\Downloads\\fincontrol-backend\\vendor\\laravel\\framework\\src\\Illuminate\\Container\\Container.php(864): Illuminate\\Foundation\\Application->resolve('blade.compiler', Array)
#5 C:\\Users\\Izaid\\Downloads\\fincontrol-backend\\vendor\\laravel\\framework\\src\\Illuminate\\Foundation\\Application.php(1058): Illuminate\\Container\\Container->make('blade.compiler', Array)
#6 C:\\Users\\Izaid\\Downloads\\fincontrol-backend\\vendor\\laravel\\framework\\src\\Illuminate\\Foundation\\helpers.php(138): Illuminate\\Foundation\\Application->make('blade.compiler', Array)
#7 Command line code(1): app('Illuminate\\\\View...')
#8 {main}
  thrown at C:/Users/Izaid/Downloads/fincontrol-backend/vendor/laravel/framework/src/Illuminate/View/Compilers/Compiler.php:75)
[stacktrace]
#0 {main}
"} 
[2026-08-13 06:11:43] local.ERROR: Uncaught InvalidArgumentException: Please provide a valid cache path. in C:\Users\Izaid\Downloads\fincontrol-backend\vendor\laravel\framework\src\Illuminate\View\Compilers\Compiler.php:75
Stack trace:
#0 C:\Users\Izaid\Downloads\fincontrol-backend\vendor\laravel\framework\src\Illuminate\View\ViewServiceProvider.php(97): Illuminate\View\Compilers\Compiler->__construct(Object(Illuminate\Filesystem\Filesystem), false, '', true, 'php', true)
#1 C:\Users\Izaid\Downloads\fincontrol-backend\vendor\laravel\framework\src\Illuminate\Container\Container.php(1115): Illuminate\View\ViewServiceProvider->Illuminate\View\{closure}(Object(Illuminate\Foundation\Application), Array)
#2 C:\Users\Izaid\Downloads\fincontrol-backend\vendor\laravel\framework\src\Illuminate\Container\Container.php(933): Illuminate\Container\Container->build(Object(Closure))
#3 C:\Users\Izaid\Downloads\fincontrol-backend\vendor\laravel\framework\src\Illuminate\Foundation\Application.php(1078): Illuminate\Container\Container->resolve('blade.compiler', Array, true)
#4 C:\Users\Izaid\Downloads\fincontrol-backend\vendor\laravel\framework\src\Illuminate\Container\Container.php(864): Illuminate\Foundation\Application->resolve('blade.compiler', Array)
#5 C:\Users\Izaid\Downloads\fincontrol-backend\vendor\laravel\framework\src\Illuminate\Foundation\Application.php(1058): Illuminate\Container\Container->make('blade.compiler', Array)
#6 C:\Users\Izaid\Downloads\fincontrol-backend\vendor\laravel\framework\src\Illuminate\Foundation\helpers.php(138): Illuminate\Foundation\Application->make('blade.compiler', Array)
#7 Command line code(1): app('Illuminate\\View...')
#8 {main}
  thrown {"exception":"[object] (Symfony\\Component\\ErrorHandler\\Error\\FatalError(code: 0): Uncaught InvalidArgumentException: Please provide a valid cache path. in C:\\Users\\Izaid\\Downloads\\fincontrol-backend\\vendor\\laravel\\framework\\src\\Illuminate\\View\\Compilers\\Compiler.php:75
Stack trace:
#0 C:\\Users\\Izaid\\Downloads\\fincontrol-backend\\vendor\\laravel\\framework\\src\\Illuminate\\View\\ViewServiceProvider.php(97): Illuminate\\View\\Compilers\\Compiler->__construct(Object(Illuminate\\Filesystem\\Filesystem), false, '', true, 'php', true)
#1 C:\\Users\\Izaid\\Downloads\\fincontrol-backend\\vendor\\laravel\\framework\\src\\Illuminate\\Container\\Container.php(1115): Illuminate\\View\\ViewServiceProvider->Illuminate\\View\\{closure}(Object(Illuminate\\Foundation\\Application), Array)
#2 C:\\Users\\Izaid\\Downloads\\fincontrol-backend\\vendor\\laravel\\framework\\src\\Illuminate\\Container\\Container.php(933): Illuminate\\Container\\Container->build(Object(Closure))
#3 C:\\Users\\Izaid\\Downloads\\fincontrol-backend\\vendor\\laravel\\framework\\src\\Illuminate\\Foundation\\Application.php(1078): Illuminate\\Container\\Container->resolve('blade.compiler', Array, true)
#4 C:\\Users\\Izaid\\Downloads\\fincontrol-backend\\vendor\\laravel\\framework\\src\\Illuminate\\Container\\Container.php(864): Illuminate\\Foundation\\Application->resolve('blade.compiler', Array)
#5 C:\\Users\\Izaid\\Downloads\\fincontrol-backend\\vendor\\laravel\\framework\\src\\Illuminate\\Foundation\\Application.php(1058): Illuminate\\Container\\Container->make('blade.compiler', Array)
#6 C:\\Users\\Izaid\\Downloads\\fincontrol-backend\\vendor\\laravel\\framework\\src\\Illuminate\\Foundation\\helpers.php(138): Illuminate\\Foundation\\Application->make('blade.compiler', Array)
#7 Command line code(1): app('Illuminate\\\\View...')
#8 {main}
  thrown at C:/Users/Izaid/Downloads/fincontrol-backend/vendor/laravel/framework/src/Illuminate/View/Compilers/Compiler.php:75)
[stacktrace]
#0 {main}
"} 
[2026-08-13 06:21:43] local.ERROR: Uncaught InvalidArgumentException: Please provide a valid cache path. in C:\Users\Izaid\Downloads\fincontrol-backend\vendor\laravel\framework\src\Illuminate\View\Compilers\Compiler.php:75
Stack trace:
#0 C:\Users\Izaid\Downloads\fincontrol-backend\vendor\laravel\framework\src\Illuminate\View\ViewServiceProvider.php(97): Illuminate\View\Compilers\Compiler->__construct(Object(Illuminate\Filesystem\Filesystem), false, '', true, 'php', true)
#1 C:\Users\Izaid\Downloads\fincontrol-backend\vendor\laravel\framework\src\Illuminate\Container\Container.php(1115): Illuminate\View\ViewServiceProvider->Illuminate\View\{closure}(Object(Illuminate\Foundation\Application), Array)
#2 C:\Users\Izaid\Downloads\fincontrol-backend\vendor\laravel\framework\src\Illuminate\Container\Container.php(933): Illuminate\Container\Container->build(Object(Closure))
#3 C:\Users\Izaid\Downloads\fincontrol-backend\vendor\laravel\framework\src\Illuminate\Foundation\Application.php(1078): Illuminate\Container\Container->resolve('blade.compiler', Array, true)
#4 C:\Users\Izaid\Downloads\fincontrol-backend\vendor\laravel\framework\src\Illuminate\Container\Container.php(864): Illuminate\Foundation\Application->resolve('blade.compiler', Array)
#5 C:\Users\Izaid\Downloads\fincontrol-backend\vendor\laravel\framework\src\Illuminate\Foundation\Application.php(1058): Illuminate\Container\Container->make('blade.compiler', Array)
#6 C:\Users\Izaid\Downloads\fincontrol-backend\vendor\laravel\framework\src\Illuminate\Foundation\helpers.php(138): Illuminate\Foundation\Application->make('blade.compiler', Array)
#7 Command line code(1): app('Illuminate\\View...')
#8 {main}
  thrown {"exception":"[object] (Symfony\\Component\\ErrorHandler\\Error\\FatalError(code: 0): Uncaught InvalidArgumentException: Please provide a valid cache path. in C:\\Users\\Izaid\\Downloads\\fincontrol-backend\\vendor\\laravel\\framework\\src\\Illuminate\\View\\Compilers\\Compiler.php:75
Stack trace:
#0 C:\\Users\\Izaid\\Downloads\\fincontrol-backend\\vendor\\laravel\\framework\\src\\Illuminate\\View\\ViewServiceProvider.php(97): Illuminate\\View\\Compilers\\Compiler->__construct(Object(Illuminate\\Filesystem\\Filesystem), false, '', true, 'php', true)
#1 C:\\Users\\Izaid\\Downloads\\fincontrol-backend\\vendor\\laravel\\framework\\src\\Illuminate\\Container\\Container.php(1115): Illuminate\\View\\ViewServiceProvider->Illuminate\\View\\{closure}(Object(Illuminate\\Foundation\\Application), Array)
#2 C:\\Users\\Izaid\\Downloads\\fincontrol-backend\\vendor\\laravel\\framework\\src\\Illuminate\\Container\\Container.php(933): Illuminate\\Container\\Container->build(Object(Closure))
#3 C:\\Users\\Izaid\\Downloads\\fincontrol-backend\\vendor\\laravel\\framework\\src\\Illuminate\\Foundation\\Application.php(1078): Illuminate\\Container\\Container->resolve('blade.compiler', Array, true)
#4 C:\\Users\\Izaid\\Downloads\\fincontrol-backend\\vendor\\laravel\\framework\\src\\Illuminate\\Container\\Container.php(864): Illuminate\\Foundation\\Application->resolve('blade.compiler', Array)
#5 C:\\Users\\Izaid\\Downloads\\fincontrol-backend\\vendor\\laravel\\framework\\src\\Illuminate\\Foundation\\Application.php(1058): Illuminate\\Container\\Container->make('blade.compiler', Array)
#6 C:\\Users\\Izaid\\Downloads\\fincontrol-backend\\vendor\\laravel\\framework\\src\\Illuminate\\Foundation\\helpers.php(138): Illuminate\\Foundation\\Application->make('blade.compiler', Array)
#7 Command line code(1): app('Illuminate\\\\View...')
#8 {main}
  thrown at C:/Users/Izaid/Downloads/fincontrol-backend/vendor/laravel/framework/src/Illuminate/View/Compilers/Compiler.php:75)
[stacktrace]
#0 {main}
"} 
[2026-08-23 19:32:02] local.ERROR: Uncaught InvalidArgumentException: Please provide a valid cache path. in C:\Users\Izaid\Downloads\fincontrol-backend\vendor\laravel\framework\src\Illuminate\View\Compilers\Compiler.php:75
Stack trace:
#0 C:\Users\Izaid\Downloads\fincontrol-backend\vendor\laravel\framework\src\Illuminate\View\ViewServiceProvider.php(97): Illuminate\View\Compilers\Compiler->__construct(Object(Illuminate\Filesystem\Filesystem), false, '', true, 'php', true)
#1 C:\Users\Izaid\Downloads\fincontrol-backend\vendor\laravel\framework\src\Illuminate\Container\Container.php(1115): Illuminate\View\ViewServiceProvider->Illuminate\View\{closure}(Object(Illuminate\Foundation\Application), Array)
#2 C:\Users\Izaid\Downloads\fincontrol-backend\vendor\laravel\framework\src\Illuminate\Container\Container.php(933): Illuminate\Container\Container->build(Object(Closure))
#3 C:\Users\Izaid\Downloads\fincontrol-backend\vendor\laravel\framework\src\Illuminate\Foundation\Application.php(1078): Illuminate\Container\Container->resolve('blade.compiler', Array, true)
#4 C:\Users\Izaid\Downloads\fincontrol-backend\vendor\laravel\framework\src\Illuminate\Container\Container.php(864): Illuminate\Foundation\Application->resolve('blade.compiler', Array)
#5 C:\Users\Izaid\Downloads\fincontrol-backend\vendor\laravel\framework\src\Illuminate\Foundation\Application.php(1058): Illuminate\Container\Container->make('blade.compiler', Array)
#6 C:\Users\Izaid\Downloads\fincontrol-backend\vendor\laravel\framework\src\Illuminate\Foundation\helpers.php(138): Illuminate\Foundation\Application->make('blade.compiler', Array)
#7 Command line code(1): app('Illuminate\\View...')
#8 {main}
  thrown {"exception":"[object] (Symfony\\Component\\ErrorHandler\\Error\\FatalError(code: 0): Uncaught InvalidArgumentException: Please provide a valid cache path. in C:\\Users\\Izaid\\Downloads\\fincontrol-backend\\vendor\\laravel\\framework\\src\\Illuminate\\View\\Compilers\\Compiler.php:75
Stack trace:
#0 C:\\Users\\Izaid\\Downloads\\fincontrol-backend\\vendor\\laravel\\framework\\src\\Illuminate\\View\\ViewServiceProvider.php(97): Illuminate\\View\\Compilers\\Compiler->__construct(Object(Illuminate\\Filesystem\\Filesystem), false, '', true, 'php', true)
#1 C:\\Users\\Izaid\\Downloads\\fincontrol-backend\\vendor\\laravel\\framework\\src\\Illuminate\\Container\\Container.php(1115): Illuminate\\View\\ViewServiceProvider->Illuminate\\View\\{closure}(Object(Illuminate\\Foundation\\Application), Array)
#2 C:\\Users\\Izaid\\Downloads\\fincontrol-backend\\vendor\\laravel\\framework\\src\\Illuminate\\Container\\Container.php(933): Illuminate\\Container\\Container->build(Object(Closure))
#3 C:\\Users\\Izaid\\Downloads\\fincontrol-backend\\vendor\\laravel\\framework\\src\\Illuminate\\Foundation\\Application.php(1078): Illuminate\\Container\\Container->resolve('blade.compiler', Array, true)
#4 C:\\Users\\Izaid\\Downloads\\fincontrol-backend\\vendor\\laravel\\framework\\src\\Illuminate\\Container\\Container.php(864): Illuminate\\Foundation\\Application->resolve('blade.compiler', Array)
#5 C:\\Users\\Izaid\\Downloads\\fincontrol-backend\\vendor\\laravel\\framework\\src\\Illuminate\\Foundation\\Application.php(1058): Illuminate\\Container\\Container->make('blade.compiler', Array)
#6 C:\\Users\\Izaid\\Downloads\\fincontrol-backend\\vendor\\laravel\\framework\\src\\Illuminate\\Foundation\\helpers.php(138): Illuminate\\Foundation\\Application->make('blade.compiler', Array)
#7 Command line code(1): app('Illuminate\\\\View...')
#8 {main}
  thrown at C:/Users/Izaid/Downloads/fincontrol-backend/vendor/laravel/framework/src/Illuminate/View/Compilers/Compiler.php:75)
[stacktrace]
#0 {main}
"} 
[2026-08-23 19:41:59] local.ERROR: Uncaught InvalidArgumentException: Please provide a valid cache path. in C:\Users\Izaid\Downloads\fincontrol-backend\vendor\laravel\framework\src\Illuminate\View\Compilers\Compiler.php:75
Stack trace:
#0 C:\Users\Izaid\Downloads\fincontrol-backend\vendor\laravel\framework\src\Illuminate\View\ViewServiceProvider.php(97): Illuminate\View\Compilers\Compiler->__construct(Object(Illuminate\Filesystem\Filesystem), false, '', true, 'php', true)
#1 C:\Users\Izaid\Downloads\fincontrol-backend\vendor\laravel\framework\src\Illuminate\Container\Container.php(1115): Illuminate\View\ViewServiceProvider->Illuminate\View\{closure}(Object(Illuminate\Foundation\Application), Array)
#2 C:\Users\Izaid\Downloads\fincontrol-backend\vendor\laravel\framework\src\Illuminate\Container\Container.php(933): Illuminate\Container\Container->build(Object(Closure))
#3 C:\Users\Izaid\Downloads\fincontrol-backend\vendor\laravel\framework\src\Illuminate\Foundation\Application.php(1078): Illuminate\Container\Container->resolve('blade.compiler', Array, true)
#4 C:\Users\Izaid\Downloads\fincontrol-backend\vendor\laravel\framework\src\Illuminate\Container\Container.php(864): Illuminate\Foundation\Application->resolve('blade.compiler', Array)
#5 C:\Users\Izaid\Downloads\fincontrol-backend\vendor\laravel\framework\src\Illuminate\Foundation\Application.php(1058): Illuminate\Container\Container->make('blade.compiler', Array)
#6 C:\Users\Izaid\Downloads\fincontrol-backend\vendor\laravel\framework\src\Illuminate\Foundation\helpers.php(138): Illuminate\Foundation\Application->make('blade.compiler', Array)
#7 Command line code(1): app('Illuminate\\View...')
#8 {main}
  thrown {"exception":"[object] (Symfony\\Component\\ErrorHandler\\Error\\FatalError(code: 0): Uncaught InvalidArgumentException: Please provide a valid cache path. in C:\\Users\\Izaid\\Downloads\\fincontrol-backend\\vendor\\laravel\\framework\\src\\Illuminate\\View\\Compilers\\Compiler.php:75
Stack trace:
#0 C:\\Users\\Izaid\\Downloads\\fincontrol-backend\\vendor\\laravel\\framework\\src\\Illuminate\\View\\ViewServiceProvider.php(97): Illuminate\\View\\Compilers\\Compiler->__construct(Object(Illuminate\\Filesystem\\Filesystem), false, '', true, 'php', true)
#1 C:\\Users\\Izaid\\Downloads\\fincontrol-backend\\vendor\\laravel\\framework\\src\\Illuminate\\Container\\Container.php(1115): Illuminate\\View\\ViewServiceProvider->Illuminate\\View\\{closure}(Object(Illuminate\\Foundation\\Application), Array)
#2 C:\\Users\\Izaid\\Downloads\\fincontrol-backend\\vendor\\laravel\\framework\\src\\Illuminate\\Container\\Container.php(933): Illuminate\\Container\\Container->build(Object(Closure))
#3 C:\\Users\\Izaid\\Downloads\\fincontrol-backend\\vendor\\laravel\\framework\\src\\Illuminate\\Foundation\\Application.php(1078): Illuminate\\Container\\Container->resolve('blade.compiler', Array, true)
#4 C:\\Users\\Izaid\\Downloads\\fincontrol-backend\\vendor\\laravel\\framework\\src\\Illuminate\\Container\\Container.php(864): Illuminate\\Foundation\\Application->resolve('blade.compiler', Array)
#5 C:\\Users\\Izaid\\Downloads\\fincontrol-backend\\vendor\\laravel\\framework\\src\\Illuminate\\Foundation\\Application.php(1058): Illuminate\\Container\\Container->make('blade.compiler', Array)
#6 C:\\Users\\Izaid\\Downloads\\fincontrol-backend\\vendor\\laravel\\framework\\src\\Illuminate\\Foundation\\helpers.php(138): Illuminate\\Foundation\\Application->make('blade.compiler', Array)
#7 Command line code(1): app('Illuminate\\\\View...')
#8 {main}
  thrown at C:/Users/Izaid/Downloads/fincontrol-backend/vendor/laravel/framework/src/Illuminate/View/Compilers/Compiler.php:75)
[stacktrace]
#0 {main}
"} 
[2026-08-23 19:59:04] local.ERROR: Uncaught InvalidArgumentException: Please provide a valid cache path. in C:\Users\Izaid\Downloads\fincontrol-backend\vendor\laravel\framework\src\Illuminate\View\Compilers\Compiler.php:75
Stack trace:
#0 C:\Users\Izaid\Downloads\fincontrol-backend\vendor\laravel\framework\src\Illuminate\View\ViewServiceProvider.php(97): Illuminate\View\Compilers\Compiler->__construct(Object(Illuminate\Filesystem\Filesystem), false, '', true, 'php', true)
#1 C:\Users\Izaid\Downloads\fincontrol-backend\vendor\laravel\framework\src\Illuminate\Container\Container.php(1115): Illuminate\View\ViewServiceProvider->Illuminate\View\{closure}(Object(Illuminate\Foundation\Application), Array)
#2 C:\Users\Izaid\Downloads\fincontrol-backend\vendor\laravel\framework\src\Illuminate\Container\Container.php(933): Illuminate\Container\Container->build(Object(Closure))
#3 C:\Users\Izaid\Downloads\fincontrol-backend\vendor\laravel\framework\src\Illuminate\Foundation\Application.php(1078): Illuminate\Container\Container->resolve('blade.compiler', Array, true)
#4 C:\Users\Izaid\Downloads\fincontrol-backend\vendor\laravel\framework\src\Illuminate\Container\Container.php(864): Illuminate\Foundation\Application->resolve('blade.compiler', Array)
#5 C:\Users\Izaid\Downloads\fincontrol-backend\vendor\laravel\framework\src\Illuminate\Foundation\Application.php(1058): Illuminate\Container\Container->make('blade.compiler', Array)
#6 C:\Users\Izaid\Downloads\fincontrol-backend\vendor\laravel\framework\src\Illuminate\Foundation\helpers.php(138): Illuminate\Foundation\Application->make('blade.compiler', Array)
#7 Command line code(1): app('Illuminate\\View...')
#8 {main}
  thrown {"exception":"[object] (Symfony\\Component\\ErrorHandler\\Error\\FatalError(code: 0): Uncaught InvalidArgumentException: Please provide a valid cache path. in C:\\Users\\Izaid\\Downloads\\fincontrol-backend\\vendor\\laravel\\framework\\src\\Illuminate\\View\\Compilers\\Compiler.php:75
Stack trace:
#0 C:\\Users\\Izaid\\Downloads\\fincontrol-backend\\vendor\\laravel\\framework\\src\\Illuminate\\View\\ViewServiceProvider.php(97): Illuminate\\View\\Compilers\\Compiler->__construct(Object(Illuminate\\Filesystem\\Filesystem), false, '', true, 'php', true)
#1 C:\\Users\\Izaid\\Downloads\\fincontrol-backend\\vendor\\laravel\\framework\\src\\Illuminate\\Container\\Container.php(1115): Illuminate\\View\\ViewServiceProvider->Illuminate\\View\\{closure}(Object(Illuminate\\Foundation\\Application), Array)
#2 C:\\Users\\Izaid\\Downloads\\fincontrol-backend\\vendor\\laravel\\framework\\src\\Illuminate\\Container\\Container.php(933): Illuminate\\Container\\Container->build(Object(Closure))
#3 C:\\Users\\Izaid\\Downloads\\fincontrol-backend\\vendor\\laravel\\framework\\src\\Illuminate\\Foundation\\Application.php(1078): Illuminate\\Container\\Container->resolve('blade.compiler', Array, true)
#4 C:\\Users\\Izaid\\Downloads\\fincontrol-backend\\vendor\\laravel\\framework\\src\\Illuminate\\Container\\Container.php(864): Illuminate\\Foundation\\Application->resolve('blade.compiler', Array)
#5 C:\\Users\\Izaid\\Downloads\\fincontrol-backend\\vendor\\laravel\\framework\\src\\Illuminate\\Foundation\\Application.php(1058): Illuminate\\Container\\Container->make('blade.compiler', Array)
#6 C:\\Users\\Izaid\\Downloads\\fincontrol-backend\\vendor\\laravel\\framework\\src\\Illuminate\\Foundation\\helpers.php(138): Illuminate\\Foundation\\Application->make('blade.compiler', Array)
#7 Command line code(1): app('Illuminate\\\\View...')
#8 {main}
  thrown at C:/Users/Izaid/Downloads/fincontrol-backend/vendor/laravel/framework/src/Illuminate/View/Compilers/Compiler.php:75)
[stacktrace]
#0 {main}
"} 
[2026-08-23 20:09:04] local.ERROR: Uncaught InvalidArgumentException: Please provide a valid cache path. in C:\Users\Izaid\Downloads\fincontrol-backend\vendor\laravel\framework\src\Illuminate\View\Compilers\Compiler.php:75
Stack trace:
#0 C:\Users\Izaid\Downloads\fincontrol-backend\vendor\laravel\framework\src\Illuminate\View\ViewServiceProvider.php(97): Illuminate\View\Compilers\Compiler->__construct(Object(Illuminate\Filesystem\Filesystem), false, '', true, 'php', true)
#1 C:\Users\Izaid\Downloads\fincontrol-backend\vendor\laravel\framework\src\Illuminate\Container\Container.php(1115): Illuminate\View\ViewServiceProvider->Illuminate\View\{closure}(Object(Illuminate\Foundation\Application), Array)
#2 C:\Users\Izaid\Downloads\fincontrol-backend\vendor\laravel\framework\src\Illuminate\Container\Container.php(933): Illuminate\Container\Container->build(Object(Closure))
#3 C:\Users\Izaid\Downloads\fincontrol-backend\vendor\laravel\framework\src\Illuminate\Foundation\Application.php(1078): Illuminate\Container\Container->resolve('blade.compiler', Array, true)
#4 C:\Users\Izaid\Downloads\fincontrol-backend\vendor\laravel\framework\src\Illuminate\Container\Container.php(864): Illuminate\Foundation\Application->resolve('blade.compiler', Array)
#5 C:\Users\Izaid\Downloads\fincontrol-backend\vendor\laravel\framework\src\Illuminate\Foundation\Application.php(1058): Illuminate\Container\Container->make('blade.compiler', Array)
#6 C:\Users\Izaid\Downloads\fincontrol-backend\vendor\laravel\framework\src\Illuminate\Foundation\helpers.php(138): Illuminate\Foundation\Application->make('blade.compiler', Array)
#7 Command line code(1): app('Illuminate\\View...')
#8 {main}
  thrown {"exception":"[object] (Symfony\\Component\\ErrorHandler\\Error\\FatalError(code: 0): Uncaught InvalidArgumentException: Please provide a valid cache path. in C:\\Users\\Izaid\\Downloads\\fincontrol-backend\\vendor\\laravel\\framework\\src\\Illuminate\\View\\Compilers\\Compiler.php:75
Stack trace:
#0 C:\\Users\\Izaid\\Downloads\\fincontrol-backend\\vendor\\laravel\\framework\\src\\Illuminate\\View\\ViewServiceProvider.php(97): Illuminate\\View\\Compilers\\Compiler->__construct(Object(Illuminate\\Filesystem\\Filesystem), false, '', true, 'php', true)
#1 C:\\Users\\Izaid\\Downloads\\fincontrol-backend\\vendor\\laravel\\framework\\src\\Illuminate\\Container\\Container.php(1115): Illuminate\\View\\ViewServiceProvider->Illuminate\\View\\{closure}(Object(Illuminate\\Foundation\\Application), Array)
#2 C:\\Users\\Izaid\\Downloads\\fincontrol-backend\\vendor\\laravel\\framework\\src\\Illuminate\\Container\\Container.php(933): Illuminate\\Container\\Container->build(Object(Closure))
#3 C:\\Users\\Izaid\\Downloads\\fincontrol-backend\\vendor\\laravel\\framework\\src\\Illuminate\\Foundation\\Application.php(1078): Illuminate\\Container\\Container->resolve('blade.compiler', Array, true)
#4 C:\\Users\\Izaid\\Downloads\\fincontrol-backend\\vendor\\laravel\\framework\\src\\Illuminate\\Container\\Container.php(864): Illuminate\\Foundation\\Application->resolve('blade.compiler', Array)
#5 C:\\Users\\Izaid\\Downloads\\fincontrol-backend\\vendor\\laravel\\framework\\src\\Illuminate\\Foundation\\Application.php(1058): Illuminate\\Container\\Container->make('blade.compiler', Array)
#6 C:\\Users\\Izaid\\Downloads\\fincontrol-backend\\vendor\\laravel\\framework\\src\\Illuminate\\Foundation\\helpers.php(138): Illuminate\\Foundation\\Application->make('blade.compiler', Array)
#7 Command line code(1): app('Illuminate\\\\View...')
#8 {main}
  thrown at C:/Users/Izaid/Downloads/fincontrol-backend/vendor/laravel/framework/src/Illuminate/View/Compilers/Compiler.php:75)
[stacktrace]
#0 {main}
"} 
[2026-08-23 20:19:04] local.ERROR: Uncaught InvalidArgumentException: Please provide a valid cache path. in C:\Users\Izaid\Downloads\fincontrol-backend\vendor\laravel\framework\src\Illuminate\View\Compilers\Compiler.php:75
Stack trace:
#0 C:\Users\Izaid\Downloads\fincontrol-backend\vendor\laravel\framework\src\Illuminate\View\ViewServiceProvider.php(97): Illuminate\View\Compilers\Compiler->__construct(Object(Illuminate\Filesystem\Filesystem), false, '', true, 'php', true)
#1 C:\Users\Izaid\Downloads\fincontrol-backend\vendor\laravel\framework\src\Illuminate\Container\Container.php(1115): Illuminate\View\ViewServiceProvider->Illuminate\View\{closure}(Object(Illuminate\Foundation\Application), Array)
#2 C:\Users\Izaid\Downloads\fincontrol-backend\vendor\laravel\framework\src\Illuminate\Container\Container.php(933): Illuminate\Container\Container->build(Object(Closure))
#3 C:\Users\Izaid\Downloads\fincontrol-backend\vendor\laravel\framework\src\Illuminate\Foundation\Application.php(1078): Illuminate\Container\Container->resolve('blade.compiler', Array, true)
#4 C:\Users\Izaid\Downloads\fincontrol-backend\vendor\laravel\framework\src\Illuminate\Container\Container.php(864): Illuminate\Foundation\Application->resolve('blade.compiler', Array)
#5 C:\Users\Izaid\Downloads\fincontrol-backend\vendor\laravel\framework\src\Illuminate\Foundation\Application.php(1058): Illuminate\Container\Container->make('blade.compiler', Array)
#6 C:\Users\Izaid\Downloads\fincontrol-backend\vendor\laravel\framework\src\Illuminate\Foundation\helpers.php(138): Illuminate\Foundation\Application->make('blade.compiler', Array)
#7 Command line code(1): app('Illuminate\\View...')
#8 {main}
  thrown {"exception":"[object] (Symfony\\Component\\ErrorHandler\\Error\\FatalError(code: 0): Uncaught InvalidArgumentException: Please provide a valid cache path. in C:\\Users\\Izaid\\Downloads\\fincontrol-backend\\vendor\\laravel\\framework\\src\\Illuminate\\View\\Compilers\\Compiler.php:75
Stack trace:
#0 C:\\Users\\Izaid\\Downloads\\fincontrol-backend\\vendor\\laravel\\framework\\src\\Illuminate\\View\\ViewServiceProvider.php(97): Illuminate\\View\\Compilers\\Compiler->__construct(Object(Illuminate\\Filesystem\\Filesystem), false, '', true, 'php', true)
#1 C:\\Users\\Izaid\\Downloads\\fincontrol-backend\\vendor\\laravel\\framework\\src\\Illuminate\\Container\\Container.php(1115): Illuminate\\View\\ViewServiceProvider->Illuminate\\View\\{closure}(Object(Illuminate\\Foundation\\Application), Array)
#2 C:\\Users\\Izaid\\Downloads\\fincontrol-backend\\vendor\\laravel\\framework\\src\\Illuminate\\Container\\Container.php(933): Illuminate\\Container\\Container->build(Object(Closure))
#3 C:\\Users\\Izaid\\Downloads\\fincontrol-backend\\vendor\\laravel\\framework\\src\\Illuminate\\Foundation\\Application.php(1078): Illuminate\\Container\\Container->resolve('blade.compiler', Array, true)
#4 C:\\Users\\Izaid\\Downloads\\fincontrol-backend\\vendor\\laravel\\framework\\src\\Illuminate\\Container\\Container.php(864): Illuminate\\Foundation\\Application->resolve('blade.compiler', Array)
#5 C:\\Users\\Izaid\\Downloads\\fincontrol-backend\\vendor\\laravel\\framework\\src\\Illuminate\\Foundation\\Application.php(1058): Illuminate\\Container\\Container->make('blade.compiler', Array)
#6 C:\\Users\\Izaid\\Downloads\\fincontrol-backend\\vendor\\laravel\\framework\\src\\Illuminate\\Foundation\\helpers.php(138): Illuminate\\Foundation\\Application->make('blade.compiler', Array)
#7 Command line code(1): app('Illuminate\\\\View...')
#8 {main}
  thrown at C:/Users/Izaid/Downloads/fincontrol-backend/vendor/laravel/framework/src/Illuminate/View/Compilers/Compiler.php:75)
[stacktrace]
#0 {main}
"} 
[2026-08-23 20:29:04] local.ERROR: Uncaught InvalidArgumentException: Please provide a valid cache path. in C:\Users\Izaid\Downloads\fincontrol-backend\vendor\laravel\framework\src\Illuminate\View\Compilers\Compiler.php:75
Stack trace:
#0 C:\Users\Izaid\Downloads\fincontrol-backend\vendor\laravel\framework\src\Illuminate\View\ViewServiceProvider.php(97): Illuminate\View\Compilers\Compiler->__construct(Object(Illuminate\Filesystem\Filesystem), false, '', true, 'php', true)
#1 C:\Users\Izaid\Downloads\fincontrol-backend\vendor\laravel\framework\src\Illuminate\Container\Container.php(1115): Illuminate\View\ViewServiceProvider->Illuminate\View\{closure}(Object(Illuminate\Foundation\Application), Array)
#2 C:\Users\Izaid\Downloads\fincontrol-backend\vendor\laravel\framework\src\Illuminate\Container\Container.php(933): Illuminate\Container\Container->build(Object(Closure))
#3 C:\Users\Izaid\Downloads\fincontrol-backend\vendor\laravel\framework\src\Illuminate\Foundation\Application.php(1078): Illuminate\Container\Container->resolve('blade.compiler', Array, true)
#4 C:\Users\Izaid\Downloads\fincontrol-backend\vendor\laravel\framework\src\Illuminate\Container\Container.php(864): Illuminate\Foundation\Application->resolve('blade.compiler', Array)
#5 C:\Users\Izaid\Downloads\fincontrol-backend\vendor\laravel\framework\src\Illuminate\Foundation\Application.php(1058): Illuminate\Container\Container->make('blade.compiler', Array)
#6 C:\Users\Izaid\Downloads\fincontrol-backend\vendor\laravel\framework\src\Illuminate\Foundation\helpers.php(138): Illuminate\Foundation\Application->make('blade.compiler', Array)
#7 Command line code(1): app('Illuminate\\View...')
#8 {main}
  thrown {"exception":"[object] (Symfony\\Component\\ErrorHandler\\Error\\FatalError(code: 0): Uncaught InvalidArgumentException: Please provide a valid cache path. in C:\\Users\\Izaid\\Downloads\\fincontrol-backend\\vendor\\laravel\\framework\\src\\Illuminate\\View\\Compilers\\Compiler.php:75
Stack trace:
#0 C:\\Users\\Izaid\\Downloads\\fincontrol-backend\\vendor\\laravel\\framework\\src\\Illuminate\\View\\ViewServiceProvider.php(97): Illuminate\\View\\Compilers\\Compiler->__construct(Object(Illuminate\\Filesystem\\Filesystem), false, '', true, 'php', true)
#1 C:\\Users\\Izaid\\Downloads\\fincontrol-backend\\vendor\\laravel\\framework\\src\\Illuminate\\Container\\Container.php(1115): Illuminate\\View\\ViewServiceProvider->Illuminate\\View\\{closure}(Object(Illuminate\\Foundation\\Application), Array)
#2 C:\\Users\\Izaid\\Downloads\\fincontrol-backend\\vendor\\laravel\\framework\\src\\Illuminate\\Container\\Container.php(933): Illuminate\\Container\\Container->build(Object(Closure))
#3 C:\\Users\\Izaid\\Downloads\\fincontrol-backend\\vendor\\laravel\\framework\\src\\Illuminate\\Foundation\\Application.php(1078): Illuminate\\Container\\Container->resolve('blade.compiler', Array, true)
#4 C:\\Users\\Izaid\\Downloads\\fincontrol-backend\\vendor\\laravel\\framework\\src\\Illuminate\\Container\\Container.php(864): Illuminate\\Foundation\\Application->resolve('blade.compiler', Array)
#5 C:\\Users\\Izaid\\Downloads\\fincontrol-backend\\vendor\\laravel\\framework\\src\\Illuminate\\Foundation\\Application.php(1058): Illuminate\\Container\\Container->make('blade.compiler', Array)
#6 C:\\Users\\Izaid\\Downloads\\fincontrol-backend\\vendor\\laravel\\framework\\src\\Illuminate\\Foundation\\helpers.php(138): Illuminate\\Foundation\\Application->make('blade.compiler', Array)
#7 Command line code(1): app('Illuminate\\\\View...')
#8 {main}
  thrown at C:/Users/Izaid/Downloads/fincontrol-backend/vendor/laravel/framework/src/Illuminate/View/Compilers/Compiler.php:75)
[stacktrace]
#0 {main}
"} 
[2026-08-23 20:39:04] local.ERROR: Uncaught InvalidArgumentException: Please provide a valid cache path. in C:\Users\Izaid\Downloads\fincontrol-backend\vendor\laravel\framework\src\Illuminate\View\Compilers\Compiler.php:75
Stack trace:
#0 C:\Users\Izaid\Downloads\fincontrol-backend\vendor\laravel\framework\src\Illuminate\View\ViewServiceProvider.php(97): Illuminate\View\Compilers\Compiler->__construct(Object(Illuminate\Filesystem\Filesystem), false, '', true, 'php', true)
#1 C:\Users\Izaid\Downloads\fincontrol-backend\vendor\laravel\framework\src\Illuminate\Container\Container.php(1115): Illuminate\View\ViewServiceProvider->Illuminate\View\{closure}(Object(Illuminate\Foundation\Application), Array)
#2 C:\Users\Izaid\Downloads\fincontrol-backend\vendor\laravel\framework\src\Illuminate\Container\Container.php(933): Illuminate\Container\Container->build(Object(Closure))
#3 C:\Users\Izaid\Downloads\fincontrol-backend\vendor\laravel\framework\src\Illuminate\Foundation\Application.php(1078): Illuminate\Container\Container->resolve('blade.compiler', Array, true)
#4 C:\Users\Izaid\Downloads\fincontrol-backend\vendor\laravel\framework\src\Illuminate\Container\Container.php(864): Illuminate\Foundation\Application->resolve('blade.compiler', Array)
#5 C:\Users\Izaid\Downloads\fincontrol-backend\vendor\laravel\framework\src\Illuminate\Foundation\Application.php(1058): Illuminate\Container\Container->make('blade.compiler', Array)
#6 C:\Users\Izaid\Downloads\fincontrol-backend\vendor\laravel\framework\src\Illuminate\Foundation\helpers.php(138): Illuminate\Foundation\Application->make('blade.compiler', Array)
#7 Command line code(1): app('Illuminate\\View...')
#8 {main}
  thrown {"exception":"[object] (Symfony\\Component\\ErrorHandler\\Error\\FatalError(code: 0): Uncaught InvalidArgumentException: Please provide a valid cache path. in C:\\Users\\Izaid\\Downloads\\fincontrol-backend\\vendor\\laravel\\framework\\src\\Illuminate\\View\\Compilers\\Compiler.php:75
Stack trace:
#0 C:\\Users\\Izaid\\Downloads\\fincontrol-backend\\vendor\\laravel\\framework\\src\\Illuminate\\View\\ViewServiceProvider.php(97): Illuminate\\View\\Compilers\\Compiler->__construct(Object(Illuminate\\Filesystem\\Filesystem), false, '', true, 'php', true)
#1 C:\\Users\\Izaid\\Downloads\\fincontrol-backend\\vendor\\laravel\\framework\\src\\Illuminate\\Container\\Container.php(1115): Illuminate\\View\\ViewServiceProvider->Illuminate\\View\\{closure}(Object(Illuminate\\Foundation\\Application), Array)
#2 C:\\Users\\Izaid\\Downloads\\fincontrol-backend\\vendor\\laravel\\framework\\src\\Illuminate\\Container\\Container.php(933): Illuminate\\Container\\Container->build(Object(Closure))
#3 C:\\Users\\Izaid\\Downloads\\fincontrol-backend\\vendor\\laravel\\framework\\src\\Illuminate\\Foundation\\Application.php(1078): Illuminate\\Container\\Container->resolve('blade.compiler', Array, true)
#4 C:\\Users\\Izaid\\Downloads\\fincontrol-backend\\vendor\\laravel\\framework\\src\\Illuminate\\Container\\Container.php(864): Illuminate\\Foundation\\Application->resolve('blade.compiler', Array)
#5 C:\\Users\\Izaid\\Downloads\\fincontrol-backend\\vendor\\laravel\\framework\\src\\Illuminate\\Foundation\\Application.php(1058): Illuminate\\Container\\Container->make('blade.compiler', Array)
#6 C:\\Users\\Izaid\\Downloads\\fincontrol-backend\\vendor\\laravel\\framework\\src\\Illuminate\\Foundation\\helpers.php(138): Illuminate\\Foundation\\Application->make('blade.compiler', Array)
#7 Command line code(1): app('Illuminate\\\\View...')
#8 {main}
  thrown at C:/Users/Izaid/Downloads/fincontrol-backend/vendor/laravel/framework/src/Illuminate/View/Compilers/Compiler.php:75)
[stacktrace]
#0 {main}
"} 
[2026-08-23 22:41:56] local.ERROR: Uncaught InvalidArgumentException: Please provide a valid cache path. in C:\Users\Izaid\Downloads\fincontrol-backend\vendor\laravel\framework\src\Illuminate\View\Compilers\Compiler.php:75
Stack trace:
#0 C:\Users\Izaid\Downloads\fincontrol-backend\vendor\laravel\framework\src\Illuminate\View\ViewServiceProvider.php(97): Illuminate\View\Compilers\Compiler->__construct(Object(Illuminate\Filesystem\Filesystem), false, '', true, 'php', true)
#1 C:\Users\Izaid\Downloads\fincontrol-backend\vendor\laravel\framework\src\Illuminate\Container\Container.php(1115): Illuminate\View\ViewServiceProvider->Illuminate\View\{closure}(Object(Illuminate\Foundation\Application), Array)
#2 C:\Users\Izaid\Downloads\fincontrol-backend\vendor\laravel\framework\src\Illuminate\Container\Container.php(933): Illuminate\Container\Container->build(Object(Closure))
#3 C:\Users\Izaid\Downloads\fincontrol-backend\vendor\laravel\framework\src\Illuminate\Foundation\Application.php(1078): Illuminate\Container\Container->resolve('blade.compiler', Array, true)
#4 C:\Users\Izaid\Downloads\fincontrol-backend\vendor\laravel\framework\src\Illuminate\Container\Container.php(864): Illuminate\Foundation\Application->resolve('blade.compiler', Array)
#5 C:\Users\Izaid\Downloads\fincontrol-backend\vendor\laravel\framework\src\Illuminate\Foundation\Application.php(1058): Illuminate\Container\Container->make('blade.compiler', Array)
#6 C:\Users\Izaid\Downloads\fincontrol-backend\vendor\laravel\framework\src\Illuminate\Foundation\helpers.php(138): Illuminate\Foundation\Application->make('blade.compiler', Array)
#7 Command line code(1): app('Illuminate\\View...')
#8 {main}
  thrown {"exception":"[object] (Symfony\\Component\\ErrorHandler\\Error\\FatalError(code: 0): Uncaught InvalidArgumentException: Please provide a valid cache path. in C:\\Users\\Izaid\\Downloads\\fincontrol-backend\\vendor\\laravel\\framework\\src\\Illuminate\\View\\Compilers\\Compiler.php:75
Stack trace:
#0 C:\\Users\\Izaid\\Downloads\\fincontrol-backend\\vendor\\laravel\\framework\\src\\Illuminate\\View\\ViewServiceProvider.php(97): Illuminate\\View\\Compilers\\Compiler->__construct(Object(Illuminate\\Filesystem\\Filesystem), false, '', true, 'php', true)
#1 C:\\Users\\Izaid\\Downloads\\fincontrol-backend\\vendor\\laravel\\framework\\src\\Illuminate\\Container\\Container.php(1115): Illuminate\\View\\ViewServiceProvider->Illuminate\\View\\{closure}(Object(Illuminate\\Foundation\\Application), Array)
#2 C:\\Users\\Izaid\\Downloads\\fincontrol-backend\\vendor\\laravel\\framework\\src\\Illuminate\\Container\\Container.php(933): Illuminate\\Container\\Container->build(Object(Closure))
#3 C:\\Users\\Izaid\\Downloads\\fincontrol-backend\\vendor\\laravel\\framework\\src\\Illuminate\\Foundation\\Application.php(1078): Illuminate\\Container\\Container->resolve('blade.compiler', Array, true)
#4 C:\\Users\\Izaid\\Downloads\\fincontrol-backend\\vendor\\laravel\\framework\\src\\Illuminate\\Container\\Container.php(864): Illuminate\\Foundation\\Application->resolve('blade.compiler', Array)
#5 C:\\Users\\Izaid\\Downloads\\fincontrol-backend\\vendor\\laravel\\framework\\src\\Illuminate\\Foundation\\Application.php(1058): Illuminate\\Container\\Container->make('blade.compiler', Array)
#6 C:\\Users\\Izaid\\Downloads\\fincontrol-backend\\vendor\\laravel\\framework\\src\\Illuminate\\Foundation\\helpers.php(138): Illuminate\\Foundation\\Application->make('blade.compiler', Array)
#7 Command line code(1): app('Illuminate\\\\View...')
#8 {main}
  thrown at C:/Users/Izaid/Downloads/fincontrol-backend/vendor/laravel/framework/src/Illuminate/View/Compilers/Compiler.php:75)
[stacktrace]
#0 {main}
"} 
[2026-08-23 22:51:56] local.ERROR: Uncaught InvalidArgumentException: Please provide a valid cache path. in C:\Users\Izaid\Downloads\fincontrol-backend\vendor\laravel\framework\src\Illuminate\View\Compilers\Compiler.php:75
Stack trace:
#0 C:\Users\Izaid\Downloads\fincontrol-backend\vendor\laravel\framework\src\Illuminate\View\ViewServiceProvider.php(97): Illuminate\View\Compilers\Compiler->__construct(Object(Illuminate\Filesystem\Filesystem), false, '', true, 'php', true)
#1 C:\Users\Izaid\Downloads\fincontrol-backend\vendor\laravel\framework\src\Illuminate\Container\Container.php(1115): Illuminate\View\ViewServiceProvider->Illuminate\View\{closure}(Object(Illuminate\Foundation\Application), Array)
#2 C:\Users\Izaid\Downloads\fincontrol-backend\vendor\laravel\framework\src\Illuminate\Container\Container.php(933): Illuminate\Container\Container->build(Object(Closure))
#3 C:\Users\Izaid\Downloads\fincontrol-backend\vendor\laravel\framework\src\Illuminate\Foundation\Application.php(1078): Illuminate\Container\Container->resolve('blade.compiler', Array, true)
#4 C:\Users\Izaid\Downloads\fincontrol-backend\vendor\laravel\framework\src\Illuminate\Container\Container.php(864): Illuminate\Foundation\Application->resolve('blade.compiler', Array)
#5 C:\Users\Izaid\Downloads\fincontrol-backend\vendor\laravel\framework\src\Illuminate\Foundation\Application.php(1058): Illuminate\Container\Container->make('blade.compiler', Array)
#6 C:\Users\Izaid\Downloads\fincontrol-backend\vendor\laravel\framework\src\Illuminate\Foundation\helpers.php(138): Illuminate\Foundation\Application->make('blade.compiler', Array)
#7 Command line code(1): app('Illuminate\\View...')
#8 {main}
  thrown {"exception":"[object] (Symfony\\Component\\ErrorHandler\\Error\\FatalError(code: 0): Uncaught InvalidArgumentException: Please provide a valid cache path. in C:\\Users\\Izaid\\Downloads\\fincontrol-backend\\vendor\\laravel\\framework\\src\\Illuminate\\View\\Compilers\\Compiler.php:75
Stack trace:
#0 C:\\Users\\Izaid\\Downloads\\fincontrol-backend\\vendor\\laravel\\framework\\src\\Illuminate\\View\\ViewServiceProvider.php(97): Illuminate\\View\\Compilers\\Compiler->__construct(Object(Illuminate\\Filesystem\\Filesystem), false, '', true, 'php', true)
#1 C:\\Users\\Izaid\\Downloads\\fincontrol-backend\\vendor\\laravel\\framework\\src\\Illuminate\\Container\\Container.php(1115): Illuminate\\View\\ViewServiceProvider->Illuminate\\View\\{closure}(Object(Illuminate\\Foundation\\Application), Array)
#2 C:\\Users\\Izaid\\Downloads\\fincontrol-backend\\vendor\\laravel\\framework\\src\\Illuminate\\Container\\Container.php(933): Illuminate\\Container\\Container->build(Object(Closure))
#3 C:\\Users\\Izaid\\Downloads\\fincontrol-backend\\vendor\\laravel\\framework\\src\\Illuminate\\Foundation\\Application.php(1078): Illuminate\\Container\\Container->resolve('blade.compiler', Array, true)
#4 C:\\Users\\Izaid\\Downloads\\fincontrol-backend\\vendor\\laravel\\framework\\src\\Illuminate\\Container\\Container.php(864): Illuminate\\Foundation\\Application->resolve('blade.compiler', Array)
#5 C:\\Users\\Izaid\\Downloads\\fincontrol-backend\\vendor\\laravel\\framework\\src\\Illuminate\\Foundation\\Application.php(1058): Illuminate\\Container\\Container->make('blade.compiler', Array)
#6 C:\\Users\\Izaid\\Downloads\\fincontrol-backend\\vendor\\laravel\\framework\\src\\Illuminate\\Foundation\\helpers.php(138): Illuminate\\Foundation\\Application->make('blade.compiler', Array)
#7 Command line code(1): app('Illuminate\\\\View...')
#8 {main}
  thrown at C:/Users/Izaid/Downloads/fincontrol-backend/vendor/laravel/framework/src/Illuminate/View/Compilers/Compiler.php:75)
[stacktrace]
#0 {main}
"} 
[2026-08-23 23:01:56] local.ERROR: Uncaught InvalidArgumentException: Please provide a valid cache path. in C:\Users\Izaid\Downloads\fincontrol-backend\vendor\laravel\framework\src\Illuminate\View\Compilers\Compiler.php:75
Stack trace:
#0 C:\Users\Izaid\Downloads\fincontrol-backend\vendor\laravel\framework\src\Illuminate\View\ViewServiceProvider.php(97): Illuminate\View\Compilers\Compiler->__construct(Object(Illuminate\Filesystem\Filesystem), false, '', true, 'php', true)
#1 C:\Users\Izaid\Downloads\fincontrol-backend\vendor\laravel\framework\src\Illuminate\Container\Container.php(1115): Illuminate\View\ViewServiceProvider->Illuminate\View\{closure}(Object(Illuminate\Foundation\Application), Array)
#2 C:\Users\Izaid\Downloads\fincontrol-backend\vendor\laravel\framework\src\Illuminate\Container\Container.php(933): Illuminate\Container\Container->build(Object(Closure))
#3 C:\Users\Izaid\Downloads\fincontrol-backend\vendor\laravel\framework\src\Illuminate\Foundation\Application.php(1078): Illuminate\Container\Container->resolve('blade.compiler', Array, true)
#4 C:\Users\Izaid\Downloads\fincontrol-backend\vendor\laravel\framework\src\Illuminate\Container\Container.php(864): Illuminate\Foundation\Application->resolve('blade.compiler', Array)
#5 C:\Users\Izaid\Downloads\fincontrol-backend\vendor\laravel\framework\src\Illuminate\Foundation\Application.php(1058): Illuminate\Container\Container->make('blade.compiler', Array)
#6 C:\Users\Izaid\Downloads\fincontrol-backend\vendor\laravel\framework\src\Illuminate\Foundation\helpers.php(138): Illuminate\Foundation\Application->make('blade.compiler', Array)
#7 Command line code(1): app('Illuminate\\View...')
#8 {main}
  thrown {"exception":"[object] (Symfony\\Component\\ErrorHandler\\Error\\FatalError(code: 0): Uncaught InvalidArgumentException: Please provide a valid cache path. in C:\\Users\\Izaid\\Downloads\\fincontrol-backend\\vendor\\laravel\\framework\\src\\Illuminate\\View\\Compilers\\Compiler.php:75
Stack trace:
#0 C:\\Users\\Izaid\\Downloads\\fincontrol-backend\\vendor\\laravel\\framework\\src\\Illuminate\\View\\ViewServiceProvider.php(97): Illuminate\\View\\Compilers\\Compiler->__construct(Object(Illuminate\\Filesystem\\Filesystem), false, '', true, 'php', true)
#1 C:\\Users\\Izaid\\Downloads\\fincontrol-backend\\vendor\\laravel\\framework\\src\\Illuminate\\Container\\Container.php(1115): Illuminate\\View\\ViewServiceProvider->Illuminate\\View\\{closure}(Object(Illuminate\\Foundation\\Application), Array)
#2 C:\\Users\\Izaid\\Downloads\\fincontrol-backend\\vendor\\laravel\\framework\\src\\Illuminate\\Container\\Container.php(933): Illuminate\\Container\\Container->build(Object(Closure))
#3 C:\\Users\\Izaid\\Downloads\\fincontrol-backend\\vendor\\laravel\\framework\\src\\Illuminate\\Foundation\\Application.php(1078): Illuminate\\Container\\Container->resolve('blade.compiler', Array, true)
#4 C:\\Users\\Izaid\\Downloads\\fincontrol-backend\\vendor\\laravel\\framework\\src\\Illuminate\\Container\\Container.php(864): Illuminate\\Foundation\\Application->resolve('blade.compiler', Array)
#5 C:\\Users\\Izaid\\Downloads\\fincontrol-backend\\vendor\\laravel\\framework\\src\\Illuminate\\Foundation\\Application.php(1058): Illuminate\\Container\\Container->make('blade.compiler', Array)
#6 C:\\Users\\Izaid\\Downloads\\fincontrol-backend\\vendor\\laravel\\framework\\src\\Illuminate\\Foundation\\helpers.php(138): Illuminate\\Foundation\\Application->make('blade.compiler', Array)
#7 Command line code(1): app('Illuminate\\\\View...')
#8 {main}
  thrown at C:/Users/Izaid/Downloads/fincontrol-backend/vendor/laravel/framework/src/Illuminate/View/Compilers/Compiler.php:75)
[stacktrace]
#0 {main}
"} 
[2026-08-23 23:11:56] local.ERROR: Uncaught InvalidArgumentException: Please provide a valid cache path. in C:\Users\Izaid\Downloads\fincontrol-backend\vendor\laravel\framework\src\Illuminate\View\Compilers\Compiler.php:75
Stack trace:
#0 C:\Users\Izaid\Downloads\fincontrol-backend\vendor\laravel\framework\src\Illuminate\View\ViewServiceProvider.php(97): Illuminate\View\Compilers\Compiler->__construct(Object(Illuminate\Filesystem\Filesystem), false, '', true, 'php', true)
#1 C:\Users\Izaid\Downloads\fincontrol-backend\vendor\laravel\framework\src\Illuminate\Container\Container.php(1115): Illuminate\View\ViewServiceProvider->Illuminate\View\{closure}(Object(Illuminate\Foundation\Application), Array)
#2 C:\Users\Izaid\Downloads\fincontrol-backend\vendor\laravel\framework\src\Illuminate\Container\Container.php(933): Illuminate\Container\Container->build(Object(Closure))
#3 C:\Users\Izaid\Downloads\fincontrol-backend\vendor\laravel\framework\src\Illuminate\Foundation\Application.php(1078): Illuminate\Container\Container->resolve('blade.compiler', Array, true)
#4 C:\Users\Izaid\Downloads\fincontrol-backend\vendor\laravel\framework\src\Illuminate\Container\Container.php(864): Illuminate\Foundation\Application->resolve('blade.compiler', Array)
#5 C:\Users\Izaid\Downloads\fincontrol-backend\vendor\laravel\framework\src\Illuminate\Foundation\Application.php(1058): Illuminate\Container\Container->make('blade.compiler', Array)
#6 C:\Users\Izaid\Downloads\fincontrol-backend\vendor\laravel\framework\src\Illuminate\Foundation\helpers.php(138): Illuminate\Foundation\Application->make('blade.compiler', Array)
#7 Command line code(1): app('Illuminate\\View...')
#8 {main}
  thrown {"exception":"[object] (Symfony\\Component\\ErrorHandler\\Error\\FatalError(code: 0): Uncaught InvalidArgumentException: Please provide a valid cache path. in C:\\Users\\Izaid\\Downloads\\fincontrol-backend\\vendor\\laravel\\framework\\src\\Illuminate\\View\\Compilers\\Compiler.php:75
Stack trace:
#0 C:\\Users\\Izaid\\Downloads\\fincontrol-backend\\vendor\\laravel\\framework\\src\\Illuminate\\View\\ViewServiceProvider.php(97): Illuminate\\View\\Compilers\\Compiler->__construct(Object(Illuminate\\Filesystem\\Filesystem), false, '', true, 'php', true)
#1 C:\\Users\\Izaid\\Downloads\\fincontrol-backend\\vendor\\laravel\\framework\\src\\Illuminate\\Container\\Container.php(1115): Illuminate\\View\\ViewServiceProvider->Illuminate\\View\\{closure}(Object(Illuminate\\Foundation\\Application), Array)
#2 C:\\Users\\Izaid\\Downloads\\fincontrol-backend\\vendor\\laravel\\framework\\src\\Illuminate\\Container\\Container.php(933): Illuminate\\Container\\Container->build(Object(Closure))
#3 C:\\Users\\Izaid\\Downloads\\fincontrol-backend\\vendor\\laravel\\framework\\src\\Illuminate\\Foundation\\Application.php(1078): Illuminate\\Container\\Container->resolve('blade.compiler', Array, true)
#4 C:\\Users\\Izaid\\Downloads\\fincontrol-backend\\vendor\\laravel\\framework\\src\\Illuminate\\Container\\Container.php(864): Illuminate\\Foundation\\Application->resolve('blade.compiler', Array)
#5 C:\\Users\\Izaid\\Downloads\\fincontrol-backend\\vendor\\laravel\\framework\\src\\Illuminate\\Foundation\\Application.php(1058): Illuminate\\Container\\Container->make('blade.compiler', Array)
#6 C:\\Users\\Izaid\\Downloads\\fincontrol-backend\\vendor\\laravel\\framework\\src\\Illuminate\\Foundation\\helpers.php(138): Illuminate\\Foundation\\Application->make('blade.compiler', Array)
#7 Command line code(1): app('Illuminate\\\\View...')
#8 {main}
  thrown at C:/Users/Izaid/Downloads/fincontrol-backend/vendor/laravel/framework/src/Illuminate/View/Compilers/Compiler.php:75)
[stacktrace]
#0 {main}
"} 
[2026-08-23 23:21:56] local.ERROR: Uncaught InvalidArgumentException: Please provide a valid cache path. in C:\Users\Izaid\Downloads\fincontrol-backend\vendor\laravel\framework\src\Illuminate\View\Compilers\Compiler.php:75
Stack trace:
#0 C:\Users\Izaid\Downloads\fincontrol-backend\vendor\laravel\framework\src\Illuminate\View\ViewServiceProvider.php(97): Illuminate\View\Compilers\Compiler->__construct(Object(Illuminate\Filesystem\Filesystem), false, '', true, 'php', true)
#1 C:\Users\Izaid\Downloads\fincontrol-backend\vendor\laravel\framework\src\Illuminate\Container\Container.php(1115): Illuminate\View\ViewServiceProvider->Illuminate\View\{closure}(Object(Illuminate\Foundation\Application), Array)
#2 C:\Users\Izaid\Downloads\fincontrol-backend\vendor\laravel\framework\src\Illuminate\Container\Container.php(933): Illuminate\Container\Container->build(Object(Closure))
#3 C:\Users\Izaid\Downloads\fincontrol-backend\vendor\laravel\framework\src\Illuminate\Foundation\Application.php(1078): Illuminate\Container\Container->resolve('blade.compiler', Array, true)
#4 C:\Users\Izaid\Downloads\fincontrol-backend\vendor\laravel\framework\src\Illuminate\Container\Container.php(864): Illuminate\Foundation\Application->resolve('blade.compiler', Array)
#5 C:\Users\Izaid\Downloads\fincontrol-backend\vendor\laravel\framework\src\Illuminate\Foundation\Application.php(1058): Illuminate\Container\Container->make('blade.compiler', Array)
#6 C:\Users\Izaid\Downloads\fincontrol-backend\vendor\laravel\framework\src\Illuminate\Foundation\helpers.php(138): Illuminate\Foundation\Application->make('blade.compiler', Array)
#7 Command line code(1): app('Illuminate\\View...')
#8 {main}
  thrown {"exception":"[object] (Symfony\\Component\\ErrorHandler\\Error\\FatalError(code: 0): Uncaught InvalidArgumentException: Please provide a valid cache path. in C:\\Users\\Izaid\\Downloads\\fincontrol-backend\\vendor\\laravel\\framework\\src\\Illuminate\\View\\Compilers\\Compiler.php:75
Stack trace:
#0 C:\\Users\\Izaid\\Downloads\\fincontrol-backend\\vendor\\laravel\\framework\\src\\Illuminate\\View\\ViewServiceProvider.php(97): Illuminate\\View\\Compilers\\Compiler->__construct(Object(Illuminate\\Filesystem\\Filesystem), false, '', true, 'php', true)
#1 C:\\Users\\Izaid\\Downloads\\fincontrol-backend\\vendor\\laravel\\framework\\src\\Illuminate\\Container\\Container.php(1115): Illuminate\\View\\ViewServiceProvider->Illuminate\\View\\{closure}(Object(Illuminate\\Foundation\\Application), Array)
#2 C:\\Users\\Izaid\\Downloads\\fincontrol-backend\\vendor\\laravel\\framework\\src\\Illuminate\\Container\\Container.php(933): Illuminate\\Container\\Container->build(Object(Closure))
#3 C:\\Users\\Izaid\\Downloads\\fincontrol-backend\\vendor\\laravel\\framework\\src\\Illuminate\\Foundation\\Application.php(1078): Illuminate\\Container\\Container->resolve('blade.compiler', Array, true)
#4 C:\\Users\\Izaid\\Downloads\\fincontrol-backend\\vendor\\laravel\\framework\\src\\Illuminate\\Container\\Container.php(864): Illuminate\\Foundation\\Application->resolve('blade.compiler', Array)
#5 C:\\Users\\Izaid\\Downloads\\fincontrol-backend\\vendor\\laravel\\framework\\src\\Illuminate\\Foundation\\Application.php(1058): Illuminate\\Container\\Container->make('blade.compiler', Array)
#6 C:\\Users\\Izaid\\Downloads\\fincontrol-backend\\vendor\\laravel\\framework\\src\\Illuminate\\Foundation\\helpers.php(138): Illuminate\\Foundation\\Application->make('blade.compiler', Array)
#7 Command line code(1): app('Illuminate\\\\View...')
#8 {main}
  thrown at C:/Users/Izaid/Downloads/fincontrol-backend/vendor/laravel/framework/src/Illuminate/View/Compilers/Compiler.php:75)
[stacktrace]
#0 {main}
"} 
[2026-08-23 23:31:56] local.ERROR: Uncaught InvalidArgumentException: Please provide a valid cache path. in C:\Users\Izaid\Downloads\fincontrol-backend\vendor\laravel\framework\src\Illuminate\View\Compilers\Compiler.php:75
Stack trace:
#0 C:\Users\Izaid\Downloads\fincontrol-backend\vendor\laravel\framework\src\Illuminate\View\ViewServiceProvider.php(97): Illuminate\View\Compilers\Compiler->__construct(Object(Illuminate\Filesystem\Filesystem), false, '', true, 'php', true)
#1 C:\Users\Izaid\Downloads\fincontrol-backend\vendor\laravel\framework\src\Illuminate\Container\Container.php(1115): Illuminate\View\ViewServiceProvider->Illuminate\View\{closure}(Object(Illuminate\Foundation\Application), Array)
#2 C:\Users\Izaid\Downloads\fincontrol-backend\vendor\laravel\framework\src\Illuminate\Container\Container.php(933): Illuminate\Container\Container->build(Object(Closure))
#3 C:\Users\Izaid\Downloads\fincontrol-backend\vendor\laravel\framework\src\Illuminate\Foundation\Application.php(1078): Illuminate\Container\Container->resolve('blade.compiler', Array, true)
#4 C:\Users\Izaid\Downloads\fincontrol-backend\vendor\laravel\framework\src\Illuminate\Container\Container.php(864): Illuminate\Foundation\Application->resolve('blade.compiler', Array)
#5 C:\Users\Izaid\Downloads\fincontrol-backend\vendor\laravel\framework\src\Illuminate\Foundation\Application.php(1058): Illuminate\Container\Container->make('blade.compiler', Array)
#6 C:\Users\Izaid\Downloads\fincontrol-backend\vendor\laravel\framework\src\Illuminate\Foundation\helpers.php(138): Illuminate\Foundation\Application->make('blade.compiler', Array)
#7 Command line code(1): app('Illuminate\\View...')
#8 {main}
  thrown {"exception":"[object] (Symfony\\Component\\ErrorHandler\\Error\\FatalError(code: 0): Uncaught InvalidArgumentException: Please provide a valid cache path. in C:\\Users\\Izaid\\Downloads\\fincontrol-backend\\vendor\\laravel\\framework\\src\\Illuminate\\View\\Compilers\\Compiler.php:75
Stack trace:
#0 C:\\Users\\Izaid\\Downloads\\fincontrol-backend\\vendor\\laravel\\framework\\src\\Illuminate\\View\\ViewServiceProvider.php(97): Illuminate\\View\\Compilers\\Compiler->__construct(Object(Illuminate\\Filesystem\\Filesystem), false, '', true, 'php', true)
#1 C:\\Users\\Izaid\\Downloads\\fincontrol-backend\\vendor\\laravel\\framework\\src\\Illuminate\\Container\\Container.php(1115): Illuminate\\View\\ViewServiceProvider->Illuminate\\View\\{closure}(Object(Illuminate\\Foundation\\Application), Array)
#2 C:\\Users\\Izaid\\Downloads\\fincontrol-backend\\vendor\\laravel\\framework\\src\\Illuminate\\Container\\Container.php(933): Illuminate\\Container\\Container->build(Object(Closure))
#3 C:\\Users\\Izaid\\Downloads\\fincontrol-backend\\vendor\\laravel\\framework\\src\\Illuminate\\Foundation\\Application.php(1078): Illuminate\\Container\\Container->resolve('blade.compiler', Array, true)
#4 C:\\Users\\Izaid\\Downloads\\fincontrol-backend\\vendor\\laravel\\framework\\src\\Illuminate\\Container\\Container.php(864): Illuminate\\Foundation\\Application->resolve('blade.compiler', Array)
#5 C:\\Users\\Izaid\\Downloads\\fincontrol-backend\\vendor\\laravel\\framework\\src\\Illuminate\\Foundation\\Application.php(1058): Illuminate\\Container\\Container->make('blade.compiler', Array)
#6 C:\\Users\\Izaid\\Downloads\\fincontrol-backend\\vendor\\laravel\\framework\\src\\Illuminate\\Foundation\\helpers.php(138): Illuminate\\Foundation\\Application->make('blade.compiler', Array)
#7 Command line code(1): app('Illuminate\\\\View...')
#8 {main}
  thrown at C:/Users/Izaid/Downloads/fincontrol-backend/vendor/laravel/framework/src/Illuminate/View/Compilers/Compiler.php:75)
[stacktrace]
#0 {main}
"} 
[2026-08-24 04:17:00] local.ERROR: Uncaught InvalidArgumentException: Please provide a valid cache path. in C:\Users\Izaid\Downloads\fincontrol-backend\vendor\laravel\framework\src\Illuminate\View\Compilers\Compiler.php:75
Stack trace:
#0 C:\Users\Izaid\Downloads\fincontrol-backend\vendor\laravel\framework\src\Illuminate\View\ViewServiceProvider.php(97): Illuminate\View\Compilers\Compiler->__construct(Object(Illuminate\Filesystem\Filesystem), false, '', true, 'php', true)
#1 C:\Users\Izaid\Downloads\fincontrol-backend\vendor\laravel\framework\src\Illuminate\Container\Container.php(1115): Illuminate\View\ViewServiceProvider->Illuminate\View\{closure}(Object(Illuminate\Foundation\Application), Array)
#2 C:\Users\Izaid\Downloads\fincontrol-backend\vendor\laravel\framework\src\Illuminate\Container\Container.php(933): Illuminate\Container\Container->build(Object(Closure))
#3 C:\Users\Izaid\Downloads\fincontrol-backend\vendor\laravel\framework\src\Illuminate\Foundation\Application.php(1078): Illuminate\Container\Container->resolve('blade.compiler', Array, true)
#4 C:\Users\Izaid\Downloads\fincontrol-backend\vendor\laravel\framework\src\Illuminate\Container\Container.php(864): Illuminate\Foundation\Application->resolve('blade.compiler', Array)
#5 C:\Users\Izaid\Downloads\fincontrol-backend\vendor\laravel\framework\src\Illuminate\Foundation\Application.php(1058): Illuminate\Container\Container->make('blade.compiler', Array)
#6 C:\Users\Izaid\Downloads\fincontrol-backend\vendor\laravel\framework\src\Illuminate\Foundation\helpers.php(138): Illuminate\Foundation\Application->make('blade.compiler', Array)
#7 Command line code(1): app('Illuminate\\View...')
#8 {main}
  thrown {"exception":"[object] (Symfony\\Component\\ErrorHandler\\Error\\FatalError(code: 0): Uncaught InvalidArgumentException: Please provide a valid cache path. in C:\\Users\\Izaid\\Downloads\\fincontrol-backend\\vendor\\laravel\\framework\\src\\Illuminate\\View\\Compilers\\Compiler.php:75
Stack trace:
#0 C:\\Users\\Izaid\\Downloads\\fincontrol-backend\\vendor\\laravel\\framework\\src\\Illuminate\\View\\ViewServiceProvider.php(97): Illuminate\\View\\Compilers\\Compiler->__construct(Object(Illuminate\\Filesystem\\Filesystem), false, '', true, 'php', true)
#1 C:\\Users\\Izaid\\Downloads\\fincontrol-backend\\vendor\\laravel\\framework\\src\\Illuminate\\Container\\Container.php(1115): Illuminate\\View\\ViewServiceProvider->Illuminate\\View\\{closure}(Object(Illuminate\\Foundation\\Application), Array)
#2 C:\\Users\\Izaid\\Downloads\\fincontrol-backend\\vendor\\laravel\\framework\\src\\Illuminate\\Container\\Container.php(933): Illuminate\\Container\\Container->build(Object(Closure))
#3 C:\\Users\\Izaid\\Downloads\\fincontrol-backend\\vendor\\laravel\\framework\\src\\Illuminate\\Foundation\\Application.php(1078): Illuminate\\Container\\Container->resolve('blade.compiler', Array, true)
#4 C:\\Users\\Izaid\\Downloads\\fincontrol-backend\\vendor\\laravel\\framework\\src\\Illuminate\\Container\\Container.php(864): Illuminate\\Foundation\\Application->resolve('blade.compiler', Array)
#5 C:\\Users\\Izaid\\Downloads\\fincontrol-backend\\vendor\\laravel\\framework\\src\\Illuminate\\Foundation\\Application.php(1058): Illuminate\\Container\\Container->make('blade.compiler', Array)
#6 C:\\Users\\Izaid\\Downloads\\fincontrol-backend\\vendor\\laravel\\framework\\src\\Illuminate\\Foundation\\helpers.php(138): Illuminate\\Foundation\\Application->make('blade.compiler', Array)
#7 Command line code(1): app('Illuminate\\\\View...')
#8 {main}
  thrown at C:/Users/Izaid/Downloads/fincontrol-backend/vendor/laravel/framework/src/Illuminate/View/Compilers/Compiler.php:75)
[stacktrace]
#0 {main}
"} 
[2026-08-24 04:26:59] local.ERROR: Uncaught InvalidArgumentException: Please provide a valid cache path. in C:\Users\Izaid\Downloads\fincontrol-backend\vendor\laravel\framework\src\Illuminate\View\Compilers\Compiler.php:75
Stack trace:
#0 C:\Users\Izaid\Downloads\fincontrol-backend\vendor\laravel\framework\src\Illuminate\View\ViewServiceProvider.php(97): Illuminate\View\Compilers\Compiler->__construct(Object(Illuminate\Filesystem\Filesystem), false, '', true, 'php', true)
#1 C:\Users\Izaid\Downloads\fincontrol-backend\vendor\laravel\framework\src\Illuminate\Container\Container.php(1115): Illuminate\View\ViewServiceProvider->Illuminate\View\{closure}(Object(Illuminate\Foundation\Application), Array)
#2 C:\Users\Izaid\Downloads\fincontrol-backend\vendor\laravel\framework\src\Illuminate\Container\Container.php(933): Illuminate\Container\Container->build(Object(Closure))
#3 C:\Users\Izaid\Downloads\fincontrol-backend\vendor\laravel\framework\src\Illuminate\Foundation\Application.php(1078): Illuminate\Container\Container->resolve('blade.compiler', Array, true)
#4 C:\Users\Izaid\Downloads\fincontrol-backend\vendor\laravel\framework\src\Illuminate\Container\Container.php(864): Illuminate\Foundation\Application->resolve('blade.compiler', Array)
#5 C:\Users\Izaid\Downloads\fincontrol-backend\vendor\laravel\framework\src\Illuminate\Foundation\Application.php(1058): Illuminate\Container\Container->make('blade.compiler', Array)
#6 C:\Users\Izaid\Downloads\fincontrol-backend\vendor\laravel\framework\src\Illuminate\Foundation\helpers.php(138): Illuminate\Foundation\Application->make('blade.compiler', Array)
#7 Command line code(1): app('Illuminate\\View...')
#8 {main}
  thrown {"exception":"[object] (Symfony\\Component\\ErrorHandler\\Error\\FatalError(code: 0): Uncaught InvalidArgumentException: Please provide a valid cache path. in C:\\Users\\Izaid\\Downloads\\fincontrol-backend\\vendor\\laravel\\framework\\src\\Illuminate\\View\\Compilers\\Compiler.php:75
Stack trace:
#0 C:\\Users\\Izaid\\Downloads\\fincontrol-backend\\vendor\\laravel\\framework\\src\\Illuminate\\View\\ViewServiceProvider.php(97): Illuminate\\View\\Compilers\\Compiler->__construct(Object(Illuminate\\Filesystem\\Filesystem), false, '', true, 'php', true)
#1 C:\\Users\\Izaid\\Downloads\\fincontrol-backend\\vendor\\laravel\\framework\\src\\Illuminate\\Container\\Container.php(1115): Illuminate\\View\\ViewServiceProvider->Illuminate\\View\\{closure}(Object(Illuminate\\Foundation\\Application), Array)
#2 C:\\Users\\Izaid\\Downloads\\fincontrol-backend\\vendor\\laravel\\framework\\src\\Illuminate\\Container\\Container.php(933): Illuminate\\Container\\Container->build(Object(Closure))
#3 C:\\Users\\Izaid\\Downloads\\fincontrol-backend\\vendor\\laravel\\framework\\src\\Illuminate\\Foundation\\Application.php(1078): Illuminate\\Container\\Container->resolve('blade.compiler', Array, true)
#4 C:\\Users\\Izaid\\Downloads\\fincontrol-backend\\vendor\\laravel\\framework\\src\\Illuminate\\Container\\Container.php(864): Illuminate\\Foundation\\Application->resolve('blade.compiler', Array)
#5 C:\\Users\\Izaid\\Downloads\\fincontrol-backend\\vendor\\laravel\\framework\\src\\Illuminate\\Foundation\\Application.php(1058): Illuminate\\Container\\Container->make('blade.compiler', Array)
#6 C:\\Users\\Izaid\\Downloads\\fincontrol-backend\\vendor\\laravel\\framework\\src\\Illuminate\\Foundation\\helpers.php(138): Illuminate\\Foundation\\Application->make('blade.compiler', Array)
#7 Command line code(1): app('Illuminate\\\\View...')
#8 {main}
  thrown at C:/Users/Izaid/Downloads/fincontrol-backend/vendor/laravel/framework/src/Illuminate/View/Compilers/Compiler.php:75)
[stacktrace]
#0 {main}
"} 
[2026-08-24 04:36:59] local.ERROR: Uncaught InvalidArgumentException: Please provide a valid cache path. in C:\Users\Izaid\Downloads\fincontrol-backend\vendor\laravel\framework\src\Illuminate\View\Compilers\Compiler.php:75
Stack trace:
#0 C:\Users\Izaid\Downloads\fincontrol-backend\vendor\laravel\framework\src\Illuminate\View\ViewServiceProvider.php(97): Illuminate\View\Compilers\Compiler->__construct(Object(Illuminate\Filesystem\Filesystem), false, '', true, 'php', true)
#1 C:\Users\Izaid\Downloads\fincontrol-backend\vendor\laravel\framework\src\Illuminate\Container\Container.php(1115): Illuminate\View\ViewServiceProvider->Illuminate\View\{closure}(Object(Illuminate\Foundation\Application), Array)
#2 C:\Users\Izaid\Downloads\fincontrol-backend\vendor\laravel\framework\src\Illuminate\Container\Container.php(933): Illuminate\Container\Container->build(Object(Closure))
#3 C:\Users\Izaid\Downloads\fincontrol-backend\vendor\laravel\framework\src\Illuminate\Foundation\Application.php(1078): Illuminate\Container\Container->resolve('blade.compiler', Array, true)
#4 C:\Users\Izaid\Downloads\fincontrol-backend\vendor\laravel\framework\src\Illuminate\Container\Container.php(864): Illuminate\Foundation\Application->resolve('blade.compiler', Array)
#5 C:\Users\Izaid\Downloads\fincontrol-backend\vendor\laravel\framework\src\Illuminate\Foundation\Application.php(1058): Illuminate\Container\Container->make('blade.compiler', Array)
#6 C:\Users\Izaid\Downloads\fincontrol-backend\vendor\laravel\framework\src\Illuminate\Foundation\helpers.php(138): Illuminate\Foundation\Application->make('blade.compiler', Array)
#7 Command line code(1): app('Illuminate\\View...')
#8 {main}
  thrown {"exception":"[object] (Symfony\\Component\\ErrorHandler\\Error\\FatalError(code: 0): Uncaught InvalidArgumentException: Please provide a valid cache path. in C:\\Users\\Izaid\\Downloads\\fincontrol-backend\\vendor\\laravel\\framework\\src\\Illuminate\\View\\Compilers\\Compiler.php:75
Stack trace:
#0 C:\\Users\\Izaid\\Downloads\\fincontrol-backend\\vendor\\laravel\\framework\\src\\Illuminate\\View\\ViewServiceProvider.php(97): Illuminate\\View\\Compilers\\Compiler->__construct(Object(Illuminate\\Filesystem\\Filesystem), false, '', true, 'php', true)
#1 C:\\Users\\Izaid\\Downloads\\fincontrol-backend\\vendor\\laravel\\framework\\src\\Illuminate\\Container\\Container.php(1115): Illuminate\\View\\ViewServiceProvider->Illuminate\\View\\{closure}(Object(Illuminate\\Foundation\\Application), Array)
#2 C:\\Users\\Izaid\\Downloads\\fincontrol-backend\\vendor\\laravel\\framework\\src\\Illuminate\\Container\\Container.php(933): Illuminate\\Container\\Container->build(Object(Closure))
#3 C:\\Users\\Izaid\\Downloads\\fincontrol-backend\\vendor\\laravel\\framework\\src\\Illuminate\\Foundation\\Application.php(1078): Illuminate\\Container\\Container->resolve('blade.compiler', Array, true)
#4 C:\\Users\\Izaid\\Downloads\\fincontrol-backend\\vendor\\laravel\\framework\\src\\Illuminate\\Container\\Container.php(864): Illuminate\\Foundation\\Application->resolve('blade.compiler', Array)
#5 C:\\Users\\Izaid\\Downloads\\fincontrol-backend\\vendor\\laravel\\framework\\src\\Illuminate\\Foundation\\Application.php(1058): Illuminate\\Container\\Container->make('blade.compiler', Array)
#6 C:\\Users\\Izaid\\Downloads\\fincontrol-backend\\vendor\\laravel\\framework\\src\\Illuminate\\Foundation\\helpers.php(138): Illuminate\\Foundation\\Application->make('blade.compiler', Array)
#7 Command line code(1): app('Illuminate\\\\View...')
#8 {main}
  thrown at C:/Users/Izaid/Downloads/fincontrol-backend/vendor/laravel/framework/src/Illuminate/View/Compilers/Compiler.php:75)
[stacktrace]
#0 {main}
"} 
[2026-08-24 04:46:59] local.ERROR: Uncaught InvalidArgumentException: Please provide a valid cache path. in C:\Users\Izaid\Downloads\fincontrol-backend\vendor\laravel\framework\src\Illuminate\View\Compilers\Compiler.php:75
Stack trace:
#0 C:\Users\Izaid\Downloads\fincontrol-backend\vendor\laravel\framework\src\Illuminate\View\ViewServiceProvider.php(97): Illuminate\View\Compilers\Compiler->__construct(Object(Illuminate\Filesystem\Filesystem), false, '', true, 'php', true)
#1 C:\Users\Izaid\Downloads\fincontrol-backend\vendor\laravel\framework\src\Illuminate\Container\Container.php(1115): Illuminate\View\ViewServiceProvider->Illuminate\View\{closure}(Object(Illuminate\Foundation\Application), Array)
#2 C:\Users\Izaid\Downloads\fincontrol-backend\vendor\laravel\framework\src\Illuminate\Container\Container.php(933): Illuminate\Container\Container->build(Object(Closure))
#3 C:\Users\Izaid\Downloads\fincontrol-backend\vendor\laravel\framework\src\Illuminate\Foundation\Application.php(1078): Illuminate\Container\Container->resolve('blade.compiler', Array, true)
#4 C:\Users\Izaid\Downloads\fincontrol-backend\vendor\laravel\framework\src\Illuminate\Container\Container.php(864): Illuminate\Foundation\Application->resolve('blade.compiler', Array)
#5 C:\Users\Izaid\Downloads\fincontrol-backend\vendor\laravel\framework\src\Illuminate\Foundation\Application.php(1058): Illuminate\Container\Container->make('blade.compiler', Array)
#6 C:\Users\Izaid\Downloads\fincontrol-backend\vendor\laravel\framework\src\Illuminate\Foundation\helpers.php(138): Illuminate\Foundation\Application->make('blade.compiler', Array)
#7 Command line code(1): app('Illuminate\\View...')
#8 {main}
  thrown {"exception":"[object] (Symfony\\Component\\ErrorHandler\\Error\\FatalError(code: 0): Uncaught InvalidArgumentException: Please provide a valid cache path. in C:\\Users\\Izaid\\Downloads\\fincontrol-backend\\vendor\\laravel\\framework\\src\\Illuminate\\View\\Compilers\\Compiler.php:75
Stack trace:
#0 C:\\Users\\Izaid\\Downloads\\fincontrol-backend\\vendor\\laravel\\framework\\src\\Illuminate\\View\\ViewServiceProvider.php(97): Illuminate\\View\\Compilers\\Compiler->__construct(Object(Illuminate\\Filesystem\\Filesystem), false, '', true, 'php', true)
#1 C:\\Users\\Izaid\\Downloads\\fincontrol-backend\\vendor\\laravel\\framework\\src\\Illuminate\\Container\\Container.php(1115): Illuminate\\View\\ViewServiceProvider->Illuminate\\View\\{closure}(Object(Illuminate\\Foundation\\Application), Array)
#2 C:\\Users\\Izaid\\Downloads\\fincontrol-backend\\vendor\\laravel\\framework\\src\\Illuminate\\Container\\Container.php(933): Illuminate\\Container\\Container->build(Object(Closure))
#3 C:\\Users\\Izaid\\Downloads\\fincontrol-backend\\vendor\\laravel\\framework\\src\\Illuminate\\Foundation\\Application.php(1078): Illuminate\\Container\\Container->resolve('blade.compiler', Array, true)
#4 C:\\Users\\Izaid\\Downloads\\fincontrol-backend\\vendor\\laravel\\framework\\src\\Illuminate\\Container\\Container.php(864): Illuminate\\Foundation\\Application->resolve('blade.compiler', Array)
#5 C:\\Users\\Izaid\\Downloads\\fincontrol-backend\\vendor\\laravel\\framework\\src\\Illuminate\\Foundation\\Application.php(1058): Illuminate\\Container\\Container->make('blade.compiler', Array)
#6 C:\\Users\\Izaid\\Downloads\\fincontrol-backend\\vendor\\laravel\\framework\\src\\Illuminate\\Foundation\\helpers.php(138): Illuminate\\Foundation\\Application->make('blade.compiler', Array)
#7 Command line code(1): app('Illuminate\\\\View...')
#8 {main}
  thrown at C:/Users/Izaid/Downloads/fincontrol-backend/vendor/laravel/framework/src/Illuminate/View/Compilers/Compiler.php:75)
[stacktrace]
#0 {main}
"} 
[2026-08-24 04:56:59] local.ERROR: Uncaught InvalidArgumentException: Please provide a valid cache path. in C:\Users\Izaid\Downloads\fincontrol-backend\vendor\laravel\framework\src\Illuminate\View\Compilers\Compiler.php:75
Stack trace:
#0 C:\Users\Izaid\Downloads\fincontrol-backend\vendor\laravel\framework\src\Illuminate\View\ViewServiceProvider.php(97): Illuminate\View\Compilers\Compiler->__construct(Object(Illuminate\Filesystem\Filesystem), false, '', true, 'php', true)
#1 C:\Users\Izaid\Downloads\fincontrol-backend\vendor\laravel\framework\src\Illuminate\Container\Container.php(1115): Illuminate\View\ViewServiceProvider->Illuminate\View\{closure}(Object(Illuminate\Foundation\Application), Array)
#2 C:\Users\Izaid\Downloads\fincontrol-backend\vendor\laravel\framework\src\Illuminate\Container\Container.php(933): Illuminate\Container\Container->build(Object(Closure))
#3 C:\Users\Izaid\Downloads\fincontrol-backend\vendor\laravel\framework\src\Illuminate\Foundation\Application.php(1078): Illuminate\Container\Container->resolve('blade.compiler', Array, true)
#4 C:\Users\Izaid\Downloads\fincontrol-backend\vendor\laravel\framework\src\Illuminate\Container\Container.php(864): Illuminate\Foundation\Application->resolve('blade.compiler', Array)
#5 C:\Users\Izaid\Downloads\fincontrol-backend\vendor\laravel\framework\src\Illuminate\Foundation\Application.php(1058): Illuminate\Container\Container->make('blade.compiler', Array)
#6 C:\Users\Izaid\Downloads\fincontrol-backend\vendor\laravel\framework\src\Illuminate\Foundation\helpers.php(138): Illuminate\Foundation\Application->make('blade.compiler', Array)
#7 Command line code(1): app('Illuminate\\View...')
#8 {main}
  thrown {"exception":"[object] (Symfony\\Component\\ErrorHandler\\Error\\FatalError(code: 0): Uncaught InvalidArgumentException: Please provide a valid cache path. in C:\\Users\\Izaid\\Downloads\\fincontrol-backend\\vendor\\laravel\\framework\\src\\Illuminate\\View\\Compilers\\Compiler.php:75
Stack trace:
#0 C:\\Users\\Izaid\\Downloads\\fincontrol-backend\\vendor\\laravel\\framework\\src\\Illuminate\\View\\ViewServiceProvider.php(97): Illuminate\\View\\Compilers\\Compiler->__construct(Object(Illuminate\\Filesystem\\Filesystem), false, '', true, 'php', true)
#1 C:\\Users\\Izaid\\Downloads\\fincontrol-backend\\vendor\\laravel\\framework\\src\\Illuminate\\Container\\Container.php(1115): Illuminate\\View\\ViewServiceProvider->Illuminate\\View\\{closure}(Object(Illuminate\\Foundation\\Application), Array)
#2 C:\\Users\\Izaid\\Downloads\\fincontrol-backend\\vendor\\laravel\\framework\\src\\Illuminate\\Container\\Container.php(933): Illuminate\\Container\\Container->build(Object(Closure))
#3 C:\\Users\\Izaid\\Downloads\\fincontrol-backend\\vendor\\laravel\\framework\\src\\Illuminate\\Foundation\\Application.php(1078): Illuminate\\Container\\Container->resolve('blade.compiler', Array, true)
#4 C:\\Users\\Izaid\\Downloads\\fincontrol-backend\\vendor\\laravel\\framework\\src\\Illuminate\\Container\\Container.php(864): Illuminate\\Foundation\\Application->resolve('blade.compiler', Array)
#5 C:\\Users\\Izaid\\Downloads\\fincontrol-backend\\vendor\\laravel\\framework\\src\\Illuminate\\Foundation\\Application.php(1058): Illuminate\\Container\\Container->make('blade.compiler', Array)
#6 C:\\Users\\Izaid\\Downloads\\fincontrol-backend\\vendor\\laravel\\framework\\src\\Illuminate\\Foundation\\helpers.php(138): Illuminate\\Foundation\\Application->make('blade.compiler', Array)
#7 Command line code(1): app('Illuminate\\\\View...')
#8 {main}
  thrown at C:/Users/Izaid/Downloads/fincontrol-backend/vendor/laravel/framework/src/Illuminate/View/Compilers/Compiler.php:75)
[stacktrace]
#0 {main}
"} 
[2026-08-24 05:06:59] local.ERROR: Uncaught InvalidArgumentException: Please provide a valid cache path. in C:\Users\Izaid\Downloads\fincontrol-backend\vendor\laravel\framework\src\Illuminate\View\Compilers\Compiler.php:75
Stack trace:
#0 C:\Users\Izaid\Downloads\fincontrol-backend\vendor\laravel\framework\src\Illuminate\View\ViewServiceProvider.php(97): Illuminate\View\Compilers\Compiler->__construct(Object(Illuminate\Filesystem\Filesystem), false, '', true, 'php', true)
#1 C:\Users\Izaid\Downloads\fincontrol-backend\vendor\laravel\framework\src\Illuminate\Container\Container.php(1115): Illuminate\View\ViewServiceProvider->Illuminate\View\{closure}(Object(Illuminate\Foundation\Application), Array)
#2 C:\Users\Izaid\Downloads\fincontrol-backend\vendor\laravel\framework\src\Illuminate\Container\Container.php(933): Illuminate\Container\Container->build(Object(Closure))
#3 C:\Users\Izaid\Downloads\fincontrol-backend\vendor\laravel\framework\src\Illuminate\Foundation\Application.php(1078): Illuminate\Container\Container->resolve('blade.compiler', Array, true)
#4 C:\Users\Izaid\Downloads\fincontrol-backend\vendor\laravel\framework\src\Illuminate\Container\Container.php(864): Illuminate\Foundation\Application->resolve('blade.compiler', Array)
#5 C:\Users\Izaid\Downloads\fincontrol-backend\vendor\laravel\framework\src\Illuminate\Foundation\Application.php(1058): Illuminate\Container\Container->make('blade.compiler', Array)
#6 C:\Users\Izaid\Downloads\fincontrol-backend\vendor\laravel\framework\src\Illuminate\Foundation\helpers.php(138): Illuminate\Foundation\Application->make('blade.compiler', Array)
#7 Command line code(1): app('Illuminate\\View...')
#8 {main}
  thrown {"exception":"[object] (Symfony\\Component\\ErrorHandler\\Error\\FatalError(code: 0): Uncaught InvalidArgumentException: Please provide a valid cache path. in C:\\Users\\Izaid\\Downloads\\fincontrol-backend\\vendor\\laravel\\framework\\src\\Illuminate\\View\\Compilers\\Compiler.php:75
Stack trace:
#0 C:\\Users\\Izaid\\Downloads\\fincontrol-backend\\vendor\\laravel\\framework\\src\\Illuminate\\View\\ViewServiceProvider.php(97): Illuminate\\View\\Compilers\\Compiler->__construct(Object(Illuminate\\Filesystem\\Filesystem), false, '', true, 'php', true)
#1 C:\\Users\\Izaid\\Downloads\\fincontrol-backend\\vendor\\laravel\\framework\\src\\Illuminate\\Container\\Container.php(1115): Illuminate\\View\\ViewServiceProvider->Illuminate\\View\\{closure}(Object(Illuminate\\Foundation\\Application), Array)
#2 C:\\Users\\Izaid\\Downloads\\fincontrol-backend\\vendor\\laravel\\framework\\src\\Illuminate\\Container\\Container.php(933): Illuminate\\Container\\Container->build(Object(Closure))
#3 C:\\Users\\Izaid\\Downloads\\fincontrol-backend\\vendor\\laravel\\framework\\src\\Illuminate\\Foundation\\Application.php(1078): Illuminate\\Container\\Container->resolve('blade.compiler', Array, true)
#4 C:\\Users\\Izaid\\Downloads\\fincontrol-backend\\vendor\\laravel\\framework\\src\\Illuminate\\Container\\Container.php(864): Illuminate\\Foundation\\Application->resolve('blade.compiler', Array)
#5 C:\\Users\\Izaid\\Downloads\\fincontrol-backend\\vendor\\laravel\\framework\\src\\Illuminate\\Foundation\\Application.php(1058): Illuminate\\Container\\Container->make('blade.compiler', Array)
#6 C:\\Users\\Izaid\\Downloads\\fincontrol-backend\\vendor\\laravel\\framework\\src\\Illuminate\\Foundation\\helpers.php(138): Illuminate\\Foundation\\Application->make('blade.compiler', Array)
#7 Command line code(1): app('Illuminate\\\\View...')
#8 {main}
  thrown at C:/Users/Izaid/Downloads/fincontrol-backend/vendor/laravel/framework/src/Illuminate/View/Compilers/Compiler.php:75)
[stacktrace]
#0 {main}
"} 
[2026-08-24 05:16:59] local.ERROR: Uncaught InvalidArgumentException: Please provide a valid cache path. in C:\Users\Izaid\Downloads\fincontrol-backend\vendor\laravel\framework\src\Illuminate\View\Compilers\Compiler.php:75
Stack trace:
#0 C:\Users\Izaid\Downloads\fincontrol-backend\vendor\laravel\framework\src\Illuminate\View\ViewServiceProvider.php(97): Illuminate\View\Compilers\Compiler->__construct(Object(Illuminate\Filesystem\Filesystem), false, '', true, 'php', true)
#1 C:\Users\Izaid\Downloads\fincontrol-backend\vendor\laravel\framework\src\Illuminate\Container\Container.php(1115): Illuminate\View\ViewServiceProvider->Illuminate\View\{closure}(Object(Illuminate\Foundation\Application), Array)
#2 C:\Users\Izaid\Downloads\fincontrol-backend\vendor\laravel\framework\src\Illuminate\Container\Container.php(933): Illuminate\Container\Container->build(Object(Closure))
#3 C:\Users\Izaid\Downloads\fincontrol-backend\vendor\laravel\framework\src\Illuminate\Foundation\Application.php(1078): Illuminate\Container\Container->resolve('blade.compiler', Array, true)
#4 C:\Users\Izaid\Downloads\fincontrol-backend\vendor\laravel\framework\src\Illuminate\Container\Container.php(864): Illuminate\Foundation\Application->resolve('blade.compiler', Array)
#5 C:\Users\Izaid\Downloads\fincontrol-backend\vendor\laravel\framework\src\Illuminate\Foundation\Application.php(1058): Illuminate\Container\Container->make('blade.compiler', Array)
#6 C:\Users\Izaid\Downloads\fincontrol-backend\vendor\laravel\framework\src\Illuminate\Foundation\helpers.php(138): Illuminate\Foundation\Application->make('blade.compiler', Array)
#7 Command line code(1): app('Illuminate\\View...')
#8 {main}
  thrown {"exception":"[object] (Symfony\\Component\\ErrorHandler\\Error\\FatalError(code: 0): Uncaught InvalidArgumentException: Please provide a valid cache path. in C:\\Users\\Izaid\\Downloads\\fincontrol-backend\\vendor\\laravel\\framework\\src\\Illuminate\\View\\Compilers\\Compiler.php:75
Stack trace:
#0 C:\\Users\\Izaid\\Downloads\\fincontrol-backend\\vendor\\laravel\\framework\\src\\Illuminate\\View\\ViewServiceProvider.php(97): Illuminate\\View\\Compilers\\Compiler->__construct(Object(Illuminate\\Filesystem\\Filesystem), false, '', true, 'php', true)
#1 C:\\Users\\Izaid\\Downloads\\fincontrol-backend\\vendor\\laravel\\framework\\src\\Illuminate\\Container\\Container.php(1115): Illuminate\\View\\ViewServiceProvider->Illuminate\\View\\{closure}(Object(Illuminate\\Foundation\\Application), Array)
#2 C:\\Users\\Izaid\\Downloads\\fincontrol-backend\\vendor\\laravel\\framework\\src\\Illuminate\\Container\\Container.php(933): Illuminate\\Container\\Container->build(Object(Closure))
#3 C:\\Users\\Izaid\\Downloads\\fincontrol-backend\\vendor\\laravel\\framework\\src\\Illuminate\\Foundation\\Application.php(1078): Illuminate\\Container\\Container->resolve('blade.compiler', Array, true)
#4 C:\\Users\\Izaid\\Downloads\\fincontrol-backend\\vendor\\laravel\\framework\\src\\Illuminate\\Container\\Container.php(864): Illuminate\\Foundation\\Application->resolve('blade.compiler', Array)
#5 C:\\Users\\Izaid\\Downloads\\fincontrol-backend\\vendor\\laravel\\framework\\src\\Illuminate\\Foundation\\Application.php(1058): Illuminate\\Container\\Container->make('blade.compiler', Array)
#6 C:\\Users\\Izaid\\Downloads\\fincontrol-backend\\vendor\\laravel\\framework\\src\\Illuminate\\Foundation\\helpers.php(138): Illuminate\\Foundation\\Application->make('blade.compiler', Array)
#7 Command line code(1): app('Illuminate\\\\View...')
#8 {main}
  thrown at C:/Users/Izaid/Downloads/fincontrol-backend/vendor/laravel/framework/src/Illuminate/View/Compilers/Compiler.php:75)
[stacktrace]
#0 {main}
"} 
[2026-08-24 05:26:59] local.ERROR: Uncaught InvalidArgumentException: Please provide a valid cache path. in C:\Users\Izaid\Downloads\fincontrol-backend\vendor\laravel\framework\src\Illuminate\View\Compilers\Compiler.php:75
Stack trace:
#0 C:\Users\Izaid\Downloads\fincontrol-backend\vendor\laravel\framework\src\Illuminate\View\ViewServiceProvider.php(97): Illuminate\View\Compilers\Compiler->__construct(Object(Illuminate\Filesystem\Filesystem), false, '', true, 'php', true)
#1 C:\Users\Izaid\Downloads\fincontrol-backend\vendor\laravel\framework\src\Illuminate\Container\Container.php(1115): Illuminate\View\ViewServiceProvider->Illuminate\View\{closure}(Object(Illuminate\Foundation\Application), Array)
#2 C:\Users\Izaid\Downloads\fincontrol-backend\vendor\laravel\framework\src\Illuminate\Container\Container.php(933): Illuminate\Container\Container->build(Object(Closure))
#3 C:\Users\Izaid\Downloads\fincontrol-backend\vendor\laravel\framework\src\Illuminate\Foundation\Application.php(1078): Illuminate\Container\Container->resolve('blade.compiler', Array, true)
#4 C:\Users\Izaid\Downloads\fincontrol-backend\vendor\laravel\framework\src\Illuminate\Container\Container.php(864): Illuminate\Foundation\Application->resolve('blade.compiler', Array)
#5 C:\Users\Izaid\Downloads\fincontrol-backend\vendor\laravel\framework\src\Illuminate\Foundation\Application.php(1058): Illuminate\Container\Container->make('blade.compiler', Array)
#6 C:\Users\Izaid\Downloads\fincontrol-backend\vendor\laravel\framework\src\Illuminate\Foundation\helpers.php(138): Illuminate\Foundation\Application->make('blade.compiler', Array)
#7 Command line code(1): app('Illuminate\\View...')
#8 {main}
  thrown {"exception":"[object] (Symfony\\Component\\ErrorHandler\\Error\\FatalError(code: 0): Uncaught InvalidArgumentException: Please provide a valid cache path. in C:\\Users\\Izaid\\Downloads\\fincontrol-backend\\vendor\\laravel\\framework\\src\\Illuminate\\View\\Compilers\\Compiler.php:75
Stack trace:
#0 C:\\Users\\Izaid\\Downloads\\fincontrol-backend\\vendor\\laravel\\framework\\src\\Illuminate\\View\\ViewServiceProvider.php(97): Illuminate\\View\\Compilers\\Compiler->__construct(Object(Illuminate\\Filesystem\\Filesystem), false, '', true, 'php', true)
#1 C:\\Users\\Izaid\\Downloads\\fincontrol-backend\\vendor\\laravel\\framework\\src\\Illuminate\\Container\\Container.php(1115): Illuminate\\View\\ViewServiceProvider->Illuminate\\View\\{closure}(Object(Illuminate\\Foundation\\Application), Array)
#2 C:\\Users\\Izaid\\Downloads\\fincontrol-backend\\vendor\\laravel\\framework\\src\\Illuminate\\Container\\Container.php(933): Illuminate\\Container\\Container->build(Object(Closure))
#3 C:\\Users\\Izaid\\Downloads\\fincontrol-backend\\vendor\\laravel\\framework\\src\\Illuminate\\Foundation\\Application.php(1078): Illuminate\\Container\\Container->resolve('blade.compiler', Array, true)
#4 C:\\Users\\Izaid\\Downloads\\fincontrol-backend\\vendor\\laravel\\framework\\src\\Illuminate\\Container\\Container.php(864): Illuminate\\Foundation\\Application->resolve('blade.compiler', Array)
#5 C:\\Users\\Izaid\\Downloads\\fincontrol-backend\\vendor\\laravel\\framework\\src\\Illuminate\\Foundation\\Application.php(1058): Illuminate\\Container\\Container->make('blade.compiler', Array)
#6 C:\\Users\\Izaid\\Downloads\\fincontrol-backend\\vendor\\laravel\\framework\\src\\Illuminate\\Foundation\\helpers.php(138): Illuminate\\Foundation\\Application->make('blade.compiler', Array)
#7 Command line code(1): app('Illuminate\\\\View...')
#8 {main}
  thrown at C:/Users/Izaid/Downloads/fincontrol-backend/vendor/laravel/framework/src/Illuminate/View/Compilers/Compiler.php:75)
[stacktrace]
#0 {main}
"} 
[2026-08-24 05:36:59] local.ERROR: Uncaught InvalidArgumentException: Please provide a valid cache path. in C:\Users\Izaid\Downloads\fincontrol-backend\vendor\laravel\framework\src\Illuminate\View\Compilers\Compiler.php:75
Stack trace:
#0 C:\Users\Izaid\Downloads\fincontrol-backend\vendor\laravel\framework\src\Illuminate\View\ViewServiceProvider.php(97): Illuminate\View\Compilers\Compiler->__construct(Object(Illuminate\Filesystem\Filesystem), false, '', true, 'php', true)
#1 C:\Users\Izaid\Downloads\fincontrol-backend\vendor\laravel\framework\src\Illuminate\Container\Container.php(1115): Illuminate\View\ViewServiceProvider->Illuminate\View\{closure}(Object(Illuminate\Foundation\Application), Array)
#2 C:\Users\Izaid\Downloads\fincontrol-backend\vendor\laravel\framework\src\Illuminate\Container\Container.php(933): Illuminate\Container\Container->build(Object(Closure))
#3 C:\Users\Izaid\Downloads\fincontrol-backend\vendor\laravel\framework\src\Illuminate\Foundation\Application.php(1078): Illuminate\Container\Container->resolve('blade.compiler', Array, true)
#4 C:\Users\Izaid\Downloads\fincontrol-backend\vendor\laravel\framework\src\Illuminate\Container\Container.php(864): Illuminate\Foundation\Application->resolve('blade.compiler', Array)
#5 C:\Users\Izaid\Downloads\fincontrol-backend\vendor\laravel\framework\src\Illuminate\Foundation\Application.php(1058): Illuminate\Container\Container->make('blade.compiler', Array)
#6 C:\Users\Izaid\Downloads\fincontrol-backend\vendor\laravel\framework\src\Illuminate\Foundation\helpers.php(138): Illuminate\Foundation\Application->make('blade.compiler', Array)
#7 Command line code(1): app('Illuminate\\View...')
#8 {main}
  thrown {"exception":"[object] (Symfony\\Component\\ErrorHandler\\Error\\FatalError(code: 0): Uncaught InvalidArgumentException: Please provide a valid cache path. in C:\\Users\\Izaid\\Downloads\\fincontrol-backend\\vendor\\laravel\\framework\\src\\Illuminate\\View\\Compilers\\Compiler.php:75
Stack trace:
#0 C:\\Users\\Izaid\\Downloads\\fincontrol-backend\\vendor\\laravel\\framework\\src\\Illuminate\\View\\ViewServiceProvider.php(97): Illuminate\\View\\Compilers\\Compiler->__construct(Object(Illuminate\\Filesystem\\Filesystem), false, '', true, 'php', true)
#1 C:\\Users\\Izaid\\Downloads\\fincontrol-backend\\vendor\\laravel\\framework\\src\\Illuminate\\Container\\Container.php(1115): Illuminate\\View\\ViewServiceProvider->Illuminate\\View\\{closure}(Object(Illuminate\\Foundation\\Application), Array)
#2 C:\\Users\\Izaid\\Downloads\\fincontrol-backend\\vendor\\laravel\\framework\\src\\Illuminate\\Container\\Container.php(933): Illuminate\\Container\\Container->build(Object(Closure))
#3 C:\\Users\\Izaid\\Downloads\\fincontrol-backend\\vendor\\laravel\\framework\\src\\Illuminate\\Foundation\\Application.php(1078): Illuminate\\Container\\Container->resolve('blade.compiler', Array, true)
#4 C:\\Users\\Izaid\\Downloads\\fincontrol-backend\\vendor\\laravel\\framework\\src\\Illuminate\\Container\\Container.php(864): Illuminate\\Foundation\\Application->resolve('blade.compiler', Array)
#5 C:\\Users\\Izaid\\Downloads\\fincontrol-backend\\vendor\\laravel\\framework\\src\\Illuminate\\Foundation\\Application.php(1058): Illuminate\\Container\\Container->make('blade.compiler', Array)
#6 C:\\Users\\Izaid\\Downloads\\fincontrol-backend\\vendor\\laravel\\framework\\src\\Illuminate\\Foundation\\helpers.php(138): Illuminate\\Foundation\\Application->make('blade.compiler', Array)
#7 Command line code(1): app('Illuminate\\\\View...')
#8 {main}
  thrown at C:/Users/Izaid/Downloads/fincontrol-backend/vendor/laravel/framework/src/Illuminate/View/Compilers/Compiler.php:75)
[stacktrace]
#0 {main}
"} 
